User ID,Name,Email,Department,PARMA ID,Branch ID,Dealer,Country,Job Title,Start Date
U0001,Ava Andersson 0001,ava.andersson0001@example.com,Sales North,P731204,B731-001,Nordic Equipment Group,Sweden,Sales Manager,2024-01-01
U0002,Liam Holm 0002,liam.holm0002@example.com,Sales North,P731204,B731-001,Nordic Equipment Group,Sweden,Technician,2025-02-02
U0003,Mia Olsen 0003,mia.olsen0003@example.com,Sales North,P731204,B731-001,Nordic Equipment Group,Sweden,Trainer,2026-03-03
U0004,Noah Vega 0004,noah.vega0004@example.com,Sales North,P731204,B731-001,Nordic Equipment Group,Sweden,Coordinator,2024-04-04
U0005,Emma Dahl 0005,emma.dahl0005@example.com,Sales North,P731204,B731-001,Nordic Equipment Group,Sweden,Analyst,2025-05-05
U0006,Oscar Kim 0006,oscar.kim0006@example.com,Sales North,P731204,B731-001,Nordic Equipment Group,Sweden,Support Specialist,2026-06-06
U0007,Sofia Rossi 0007,sofia.rossi0007@example.com,Sales North,P731204,B731-001,Nordic Equipment Group,Sweden,Sales Manager,2024-07-07
U0008,Lucas Zimmer 0008,lucas.zimmer0008@example.com,Sales North,P731204,B731-001,Nordic Equipment Group,Sweden,Technician,2025-08-08
U0009,Ella Garcia 0009,ella.garcia0009@example.com,Sales North,P731204,B731-001,Nordic Equipment Group,Sweden,Trainer,2026-09-09
U0010,Hugo Nordin 0010,hugo.nordin0010@example.com,Sales North,P731204,B731-001,Nordic Equipment Group,Sweden,Coordinator,2024-10-10
U0011,Nora Usman 0011,nora.usman0011@example.com,Sales West,P184920,B184-001,Fjord Machines Group,Norway,Analyst,2025-11-11
U0012,Leo Carter 0012,leo.carter0012@example.com,Sales West,P184920,B184-001,Fjord Machines Group,Norway,Support Specialist,2026-12-12
U0013,Alma Johansson 0013,alma.johansson0013@example.com,Sales West,P184920,B184-001,Fjord Machines Group,Norway,Sales Manager,2024-01-13
U0014,Felix Quinn 0014,felix.quinn0014@example.com,Sales West,P184920,B184-001,Fjord Machines Group,Norway,Technician,2025-02-14
U0015,Clara Young 0015,clara.young0015@example.com,Sales West,P184920,B184-001,Fjord Machines Group,Norway,Trainer,2026-03-15
U0016,Milo Fischer 0016,milo.fischer0016@example.com,Sales West,P184920,B184-001,Fjord Machines Group,Norway,Coordinator,2024-04-16
U0017,Freja Muller 0017,freja.muller0017@example.com,Sales West,P184920,B184-001,Fjord Machines Group,Norway,Analyst,2025-05-17
U0018,Elias Turner 0018,elias.turner0018@example.com,Sales West,P184920,B184-001,Fjord Machines Group,Norway,Support Specialist,2026-06-18
U0019,Lina Berg 0019,lina.berg0019@example.com,Sales West,P184920,B184-001,Fjord Machines Group,Norway,Sales Manager,2024-07-19
U0020,Theo Ivanov 0020,theo.ivanov0020@example.com,Sales West,P184920,B184-001,Fjord Machines Group,Norway,Technician,2025-08-20
U0021,Ava Patel 0021,ava.patel0021@example.com,Sales Central,P642118,B642-001,Bau Technik Holdings,Germany,Trainer,2026-09-21
U0022,Liam Wang 0022,liam.wang0022@example.com,Sales Central,P642118,B642-001,Bau Technik Holdings,Germany,Coordinator,2024-10-22
U0023,Mia Eriksson 0023,mia.eriksson0023@example.com,Sales Central,P642118,B642-001,Bau Technik Holdings,Germany,Analyst,2025-11-23
U0024,Noah Larsen 0024,noah.larsen0024@example.com,Sales Central,P642118,B642-001,Bau Technik Holdings,Germany,Support Specialist,2026-12-24
U0025,Emma Silva 0025,emma.silva0025@example.com,Sales Central,P642118,B642-001,Bau Technik Holdings,Germany,Sales Manager,2024-01-25
U0026,Oscar Andersson 0026,oscar.andersson0026@example.com,Sales Central,P642118,B642-001,Bau Technik Holdings,Germany,Technician,2025-02-26
U0027,Sofia Holm 0027,sofia.holm0027@example.com,Sales Central,P642118,B642-001,Bau Technik Holdings,Germany,Trainer,2026-03-27
U0028,Lucas Olsen 0028,lucas.olsen0028@example.com,Sales Central,P642118,B642-001,Bau Technik Holdings,Germany,Coordinator,2024-04-01
U0029,Ella Vega 0029,ella.vega0029@example.com,Sales Central,P642118,B642-001,Bau Technik Holdings,Germany,Analyst,2025-05-02
U0030,Hugo Dahl 0030,hugo.dahl0030@example.com,Sales Central,P642118,B642-001,Bau Technik Holdings,Germany,Support Specialist,2026-06-03
U0031,Nora Kim 0031,nora.kim0031@example.com,Aftermarket,P295731,B295-001,Pieces Service Group,France,Sales Manager,2024-07-04
U0032,Leo Rossi 0032,leo.rossi0032@example.com,Aftermarket,P295731,B295-001,Pieces Service Group,France,Technician,2025-08-05
U0033,Alma Zimmer 0033,alma.zimmer0033@example.com,Aftermarket,P295731,B295-001,Pieces Service Group,France,Trainer,2026-09-06
U0034,Felix Garcia 0034,felix.garcia0034@example.com,Aftermarket,P295731,B295-001,Pieces Service Group,France,Coordinator,2024-10-07
U0035,Clara Nordin 0035,clara.nordin0035@example.com,Aftermarket,P295731,B295-001,Pieces Service Group,France,Analyst,2025-11-08
U0036,Milo Usman 0036,milo.usman0036@example.com,Aftermarket,P295731,B295-001,Pieces Service Group,France,Support Specialist,2026-12-09
U0037,Freja Carter 0037,freja.carter0037@example.com,Aftermarket,P295731,B295-001,Pieces Service Group,France,Sales Manager,2024-01-10
U0038,Elias Johansson 0038,elias.johansson0038@example.com,Aftermarket,P295731,B295-001,Pieces Service Group,France,Technician,2025-02-11
U0039,Lina Quinn 0039,lina.quinn0039@example.com,Aftermarket,P295731,B295-001,Pieces Service Group,France,Trainer,2026-03-12
U0040,Theo Young 0040,theo.young0040@example.com,Aftermarket,P295731,B295-001,Pieces Service Group,France,Coordinator,2024-04-13
U0041,Ava Fischer 0041,ava.fischer0041@example.com,Rental,P807443,B807-001,Great Lakes Rental,United States,Analyst,2025-05-14
U0042,Liam Muller 0042,liam.muller0042@example.com,Rental,P807443,B807-001,Great Lakes Rental,United States,Support Specialist,2026-06-15
U0043,Mia Turner 0043,mia.turner0043@example.com,Rental,P807443,B807-001,Great Lakes Rental,United States,Sales Manager,2024-07-16
U0044,Noah Berg 0044,noah.berg0044@example.com,Rental,P807443,B807-001,Great Lakes Rental,United States,Technician,2025-08-17
U0045,Emma Ivanov 0045,emma.ivanov0045@example.com,Rental,P807443,B807-001,Great Lakes Rental,United States,Trainer,2026-09-18
U0046,Oscar Patel 0046,oscar.patel0046@example.com,Rental,P807443,B807-001,Great Lakes Rental,United States,Coordinator,2024-10-19
U0047,Sofia Wang 0047,sofia.wang0047@example.com,Rental,P807443,B807-001,Great Lakes Rental,United States,Analyst,2025-11-20
U0048,Lucas Eriksson 0048,lucas.eriksson0048@example.com,Rental,P807443,B807-001,Great Lakes Rental,United States,Support Specialist,2026-12-21
U0049,Ella Larsen 0049,ella.larsen0049@example.com,Rental,P807443,B807-001,Great Lakes Rental,United States,Sales Manager,2024-01-22
U0050,Hugo Silva 0050,hugo.silva0050@example.com,Rental,P807443,B807-001,Great Lakes Rental,United States,Technician,2025-02-23
U0051,Nora Andersson 0051,nora.andersson0051@example.com,Training,P516082,B516-001,Britannia Plant Services,United Kingdom,Trainer,2026-03-24
U0052,Leo Holm 0052,leo.holm0052@example.com,Training,P516082,B516-001,Britannia Plant Services,United Kingdom,Coordinator,2024-04-25
U0053,Alma Olsen 0053,alma.olsen0053@example.com,Training,P516082,B516-001,Britannia Plant Services,United Kingdom,Analyst,2025-05-26
U0054,Felix Vega 0054,felix.vega0054@example.com,Training,P516082,B516-001,Britannia Plant Services,United Kingdom,Support Specialist,2026-06-27
U0055,Clara Dahl 0055,clara.dahl0055@example.com,Training,P516082,B516-001,Britannia Plant Services,United Kingdom,Sales Manager,2024-07-01
U0056,Milo Kim 0056,milo.kim0056@example.com,Training,P516082,B516-001,Britannia Plant Services,United Kingdom,Technician,2025-08-02
U0057,Freja Rossi 0057,freja.rossi0057@example.com,Training,P516082,B516-001,Britannia Plant Services,United Kingdom,Trainer,2026-09-03
U0058,Elias Zimmer 0058,elias.zimmer0058@example.com,Training,P516082,B516-001,Britannia Plant Services,United Kingdom,Coordinator,2024-10-04
U0059,Lina Garcia 0059,lina.garcia0059@example.com,Training,P516082,B516-001,Britannia Plant Services,United Kingdom,Analyst,2025-11-05
U0060,Theo Nordin 0060,theo.nordin0060@example.com,Training,P516082,B516-001,Britannia Plant Services,United Kingdom,Support Specialist,2026-12-06
U0061,Ava Usman 0061,ava.usman0061@example.com,Digital Services,P409675,B409-001,Delta Connected Services,Netherlands,Sales Manager,2024-01-07
U0062,Liam Carter 0062,liam.carter0062@example.com,Digital Services,P409675,B409-001,Delta Connected Services,Netherlands,Technician,2025-02-08
U0063,Mia Johansson 0063,mia.johansson0063@example.com,Digital Services,P409675,B409-001,Delta Connected Services,Netherlands,Trainer,2026-03-09
U0064,Noah Quinn 0064,noah.quinn0064@example.com,Digital Services,P409675,B409-001,Delta Connected Services,Netherlands,Coordinator,2024-04-10
U0065,Emma Young 0065,emma.young0065@example.com,Digital Services,P409675,B409-001,Delta Connected Services,Netherlands,Analyst,2025-05-11
U0066,Oscar Fischer 0066,oscar.fischer0066@example.com,Digital Services,P409675,B409-001,Delta Connected Services,Netherlands,Support Specialist,2026-06-12
U0067,Sofia Muller 0067,sofia.muller0067@example.com,Digital Services,P409675,B409-001,Delta Connected Services,Netherlands,Sales Manager,2024-07-13
U0068,Lucas Turner 0068,lucas.turner0068@example.com,Digital Services,P409675,B409-001,Delta Connected Services,Netherlands,Technician,2025-08-14
U0069,Ella Berg 0069,ella.berg0069@example.com,Digital Services,P409675,B409-001,Delta Connected Services,Netherlands,Trainer,2026-09-15
U0070,Hugo Ivanov 0070,hugo.ivanov0070@example.com,Digital Services,P409675,B409-001,Delta Connected Services,Netherlands,Coordinator,2024-10-16
U0071,Nora Patel 0071,nora.patel0071@example.com,Dealer Support,P920114,B920-001,Iberia Dealer Network,Spain,Analyst,2025-11-17
U0072,Leo Wang 0072,leo.wang0072@example.com,Dealer Support,P920114,B920-001,Iberia Dealer Network,Spain,Support Specialist,2026-12-18
U0073,Alma Eriksson 0073,alma.eriksson0073@example.com,Dealer Support,P920114,B920-001,Iberia Dealer Network,Spain,Sales Manager,2024-01-19
U0074,Felix Larsen 0074,felix.larsen0074@example.com,Dealer Support,P920114,B920-001,Iberia Dealer Network,Spain,Technician,2025-02-20
U0075,Clara Silva 0075,clara.silva0075@example.com,Dealer Support,P920114,B920-001,Iberia Dealer Network,Spain,Trainer,2026-03-21
U0076,Milo Andersson 0076,milo.andersson0076@example.com,Dealer Support,P920114,B920-001,Iberia Dealer Network,Spain,Coordinator,2024-04-22
U0077,Freja Holm 0077,freja.holm0077@example.com,Dealer Support,P920114,B920-001,Iberia Dealer Network,Spain,Analyst,2025-05-23
U0078,Elias Olsen 0078,elias.olsen0078@example.com,Dealer Support,P920114,B920-001,Iberia Dealer Network,Spain,Support Specialist,2026-06-24
U0079,Lina Vega 0079,lina.vega0079@example.com,Dealer Support,P920114,B920-001,Iberia Dealer Network,Spain,Sales Manager,2024-07-25
U0080,Theo Dahl 0080,theo.dahl0080@example.com,Dealer Support,P920114,B920-001,Iberia Dealer Network,Spain,Technician,2025-08-26
U0081,Ava Kim 0081,ava.kim0081@example.com,Product Support,P358706,B358-001,Alpina Support Group,Italy,Trainer,2026-09-27
U0082,Liam Rossi 0082,liam.rossi0082@example.com,Product Support,P358706,B358-001,Alpina Support Group,Italy,Coordinator,2024-10-01
U0083,Mia Zimmer 0083,mia.zimmer0083@example.com,Product Support,P358706,B358-001,Alpina Support Group,Italy,Analyst,2025-11-02
U0084,Noah Garcia 0084,noah.garcia0084@example.com,Product Support,P358706,B358-001,Alpina Support Group,Italy,Support Specialist,2026-12-03
U0085,Emma Nordin 0085,emma.nordin0085@example.com,Product Support,P358706,B358-001,Alpina Support Group,Italy,Sales Manager,2024-01-04
U0086,Oscar Usman 0086,oscar.usman0086@example.com,Product Support,P358706,B358-001,Alpina Support Group,Italy,Technician,2025-02-05
U0087,Sofia Carter 0087,sofia.carter0087@example.com,Product Support,P358706,B358-001,Alpina Support Group,Italy,Trainer,2026-03-06
U0088,Lucas Johansson 0088,lucas.johansson0088@example.com,Product Support,P358706,B358-001,Alpina Support Group,Italy,Coordinator,2024-04-07
U0089,Ella Quinn 0089,ella.quinn0089@example.com,Product Support,P358706,B358-001,Alpina Support Group,Italy,Analyst,2025-05-08
U0090,Hugo Young 0090,hugo.young0090@example.com,Product Support,P358706,B358-001,Alpina Support Group,Italy,Support Specialist,2026-06-09
U0091,Nora Fischer 0091,nora.fischer0091@example.com,Key Accounts,P674219,B674-001,Brasil Accounts Group,Brazil,Sales Manager,2024-07-10
U0092,Leo Muller 0092,leo.muller0092@example.com,Key Accounts,P674219,B674-001,Brasil Accounts Group,Brazil,Technician,2025-08-11
U0093,Alma Turner 0093,alma.turner0093@example.com,Key Accounts,P674219,B674-001,Brasil Accounts Group,Brazil,Trainer,2026-09-12
U0094,Felix Berg 0094,felix.berg0094@example.com,Key Accounts,P674219,B674-001,Brasil Accounts Group,Brazil,Coordinator,2024-10-13
U0095,Clara Ivanov 0095,clara.ivanov0095@example.com,Key Accounts,P674219,B674-001,Brasil Accounts Group,Brazil,Analyst,2025-11-14
U0096,Milo Patel 0096,milo.patel0096@example.com,Key Accounts,P674219,B674-001,Brasil Accounts Group,Brazil,Support Specialist,2026-12-15
U0097,Freja Wang 0097,freja.wang0097@example.com,Key Accounts,P674219,B674-001,Brasil Accounts Group,Brazil,Sales Manager,2024-01-16
U0098,Elias Eriksson 0098,elias.eriksson0098@example.com,Key Accounts,P674219,B674-001,Brasil Accounts Group,Brazil,Technician,2025-02-17
U0099,Lina Larsen 0099,lina.larsen0099@example.com,Key Accounts,P674219,B674-001,Brasil Accounts Group,Brazil,Trainer,2026-03-18
U0100,Theo Silva 0100,theo.silva0100@example.com,Key Accounts,P674219,B674-001,Brasil Accounts Group,Brazil,Coordinator,2024-04-19
U0101,Ava Andersson 0101,ava.andersson0101@example.com,Field Service,P247806,B247-001,Baltic Field Services,Estonia,Analyst,2025-05-20
U0102,Liam Holm 0102,liam.holm0102@example.com,Field Service,P247806,B247-001,Baltic Field Services,Estonia,Support Specialist,2026-06-21
U0103,Mia Olsen 0103,mia.olsen0103@example.com,Field Service,P247806,B247-001,Baltic Field Services,Estonia,Sales Manager,2024-07-22
U0104,Noah Vega 0104,noah.vega0104@example.com,Field Service,P247806,B247-001,Baltic Field Services,Estonia,Technician,2025-08-23
U0105,Emma Dahl 0105,emma.dahl0105@example.com,Field Service,P247806,B247-001,Baltic Field Services,Estonia,Trainer,2026-09-24
U0106,Oscar Kim 0106,oscar.kim0106@example.com,Field Service,P247806,B247-001,Baltic Field Services,Estonia,Coordinator,2024-10-25
U0107,Sofia Rossi 0107,sofia.rossi0107@example.com,Field Service,P247806,B247-001,Baltic Field Services,Estonia,Analyst,2025-11-26
U0108,Lucas Zimmer 0108,lucas.zimmer0108@example.com,Field Service,P247806,B247-001,Baltic Field Services,Estonia,Support Specialist,2026-12-27
U0109,Ella Garcia 0109,ella.garcia0109@example.com,Field Service,P247806,B247-001,Baltic Field Services,Estonia,Sales Manager,2024-01-01
U0110,Hugo Nordin 0110,hugo.nordin0110@example.com,Field Service,P247806,B247-001,Baltic Field Services,Estonia,Technician,2025-02-02
U0111,Nora Usman 0111,nora.usman0111@example.com,Regional Sales,P803162,B803-001,Maple Heavy Equipment,Canada,Trainer,2026-03-03
U0112,Leo Carter 0112,leo.carter0112@example.com,Regional Sales,P803162,B803-001,Maple Heavy Equipment,Canada,Coordinator,2024-04-04
U0113,Alma Johansson 0113,alma.johansson0113@example.com,Regional Sales,P803162,B803-001,Maple Heavy Equipment,Canada,Analyst,2025-05-05
U0114,Felix Quinn 0114,felix.quinn0114@example.com,Regional Sales,P803162,B803-001,Maple Heavy Equipment,Canada,Support Specialist,2026-06-06
U0115,Clara Young 0115,clara.young0115@example.com,Regional Sales,P803162,B803-001,Maple Heavy Equipment,Canada,Sales Manager,2024-07-07
U0116,Milo Fischer 0116,milo.fischer0116@example.com,Regional Sales,P803162,B803-001,Maple Heavy Equipment,Canada,Technician,2025-08-08
U0117,Freja Muller 0117,freja.muller0117@example.com,Regional Sales,P803162,B803-001,Maple Heavy Equipment,Canada,Trainer,2026-09-09
U0118,Elias Turner 0118,elias.turner0118@example.com,Regional Sales,P803162,B803-001,Maple Heavy Equipment,Canada,Coordinator,2024-10-10
U0119,Lina Berg 0119,lina.berg0119@example.com,Regional Sales,P803162,B803-001,Maple Heavy Equipment,Canada,Analyst,2025-11-11
U0120,Theo Ivanov 0120,theo.ivanov0120@example.com,Regional Sales,P803162,B803-001,Maple Heavy Equipment,Canada,Support Specialist,2026-12-12
U0121,Ava Patel 0121,ava.patel0121@example.com,Site Support,P469350,B469-001,Pacific Site Solutions,Australia,Sales Manager,2024-01-13
U0122,Liam Wang 0122,liam.wang0122@example.com,Site Support,P469350,B469-001,Pacific Site Solutions,Australia,Technician,2025-02-14
U0123,Mia Eriksson 0123,mia.eriksson0123@example.com,Site Support,P469350,B469-001,Pacific Site Solutions,Australia,Trainer,2026-03-15
U0124,Noah Larsen 0124,noah.larsen0124@example.com,Site Support,P469350,B469-001,Pacific Site Solutions,Australia,Coordinator,2024-04-16
U0125,Emma Silva 0125,emma.silva0125@example.com,Site Support,P469350,B469-001,Pacific Site Solutions,Australia,Analyst,2025-05-17
U0126,Oscar Andersson 0126,oscar.andersson0126@example.com,Site Support,P469350,B469-001,Pacific Site Solutions,Australia,Support Specialist,2026-06-18
U0127,Sofia Holm 0127,sofia.holm0127@example.com,Site Support,P469350,B469-001,Pacific Site Solutions,Australia,Sales Manager,2024-07-19
U0128,Lucas Olsen 0128,lucas.olsen0128@example.com,Site Support,P469350,B469-001,Pacific Site Solutions,Australia,Technician,2025-08-20
U0129,Ella Vega 0129,ella.vega0129@example.com,Site Support,P469350,B469-001,Pacific Site Solutions,Australia,Trainer,2026-09-21
U0130,Hugo Dahl 0130,hugo.dahl0130@example.com,Site Support,P469350,B469-001,Pacific Site Solutions,Australia,Coordinator,2024-10-22
U0131,Nora Kim 0131,nora.kim0131@example.com,Dealer Development,P582941,B582-001,Andes Construction Partners,Chile,Analyst,2025-11-23
U0132,Leo Rossi 0132,leo.rossi0132@example.com,Dealer Development,P582941,B582-001,Andes Construction Partners,Chile,Support Specialist,2026-12-24
U0133,Alma Zimmer 0133,alma.zimmer0133@example.com,Dealer Development,P582941,B582-001,Andes Construction Partners,Chile,Sales Manager,2024-01-25
U0134,Felix Garcia 0134,felix.garcia0134@example.com,Dealer Development,P582941,B582-001,Andes Construction Partners,Chile,Technician,2025-02-26
U0135,Clara Nordin 0135,clara.nordin0135@example.com,Dealer Development,P582941,B582-001,Andes Construction Partners,Chile,Trainer,2026-03-27
U0136,Milo Usman 0136,milo.usman0136@example.com,Dealer Development,P582941,B582-001,Andes Construction Partners,Chile,Coordinator,2024-04-01
U0137,Freja Carter 0137,freja.carter0137@example.com,Dealer Development,P582941,B582-001,Andes Construction Partners,Chile,Analyst,2025-05-02
U0138,Elias Johansson 0138,elias.johansson0138@example.com,Dealer Development,P582941,B582-001,Andes Construction Partners,Chile,Support Specialist,2026-06-03
U0139,Lina Quinn 0139,lina.quinn0139@example.com,Dealer Development,P582941,B582-001,Andes Construction Partners,Chile,Sales Manager,2024-07-04
U0140,Theo Young 0140,theo.young0140@example.com,Dealer Development,P582941,B582-001,Andes Construction Partners,Chile,Technician,2025-08-05
U0141,Ava Fischer 0141,ava.fischer0141@example.com,Product Support,P390526,B390-001,Sakura Machine Works,Japan,Trainer,2026-09-06
U0142,Liam Muller 0142,liam.muller0142@example.com,Product Support,P390526,B390-001,Sakura Machine Works,Japan,Coordinator,2024-10-07
U0143,Mia Turner 0143,mia.turner0143@example.com,Product Support,P390526,B390-001,Sakura Machine Works,Japan,Analyst,2025-11-08
U0144,Noah Berg 0144,noah.berg0144@example.com,Product Support,P390526,B390-001,Sakura Machine Works,Japan,Support Specialist,2026-12-09
U0145,Emma Ivanov 0145,emma.ivanov0145@example.com,Product Support,P390526,B390-001,Sakura Machine Works,Japan,Sales Manager,2024-01-10
U0146,Oscar Patel 0146,oscar.patel0146@example.com,Product Support,P390526,B390-001,Sakura Machine Works,Japan,Technician,2025-02-11
U0147,Sofia Wang 0147,sofia.wang0147@example.com,Product Support,P390526,B390-001,Sakura Machine Works,Japan,Trainer,2026-03-12
U0148,Lucas Eriksson 0148,lucas.eriksson0148@example.com,Product Support,P390526,B390-001,Sakura Machine Works,Japan,Coordinator,2024-04-13
U0149,Ella Larsen 0149,ella.larsen0149@example.com,Product Support,P390526,B390-001,Sakura Machine Works,Japan,Analyst,2025-05-14
U0150,Hugo Silva 0150,hugo.silva0150@example.com,Product Support,P390526,B390-001,Sakura Machine Works,Japan,Support Specialist,2026-06-15
U0151,Nora Andersson 0151,nora.andersson0151@example.com,Mining Accounts,P718634,B718-001,Atlas Earthmoving,South Africa,Sales Manager,2024-07-16
U0152,Leo Holm 0152,leo.holm0152@example.com,Mining Accounts,P718634,B718-001,Atlas Earthmoving,South Africa,Technician,2025-08-17
U0153,Alma Olsen 0153,alma.olsen0153@example.com,Mining Accounts,P718634,B718-001,Atlas Earthmoving,South Africa,Trainer,2026-09-18
U0154,Felix Vega 0154,felix.vega0154@example.com,Mining Accounts,P718634,B718-001,Atlas Earthmoving,South Africa,Coordinator,2024-10-19
U0155,Clara Dahl 0155,clara.dahl0155@example.com,Mining Accounts,P718634,B718-001,Atlas Earthmoving,South Africa,Analyst,2025-11-20
U0156,Milo Kim 0156,milo.kim0156@example.com,Mining Accounts,P718634,B718-001,Atlas Earthmoving,South Africa,Support Specialist,2026-12-21
U0157,Freja Rossi 0157,freja.rossi0157@example.com,Mining Accounts,P718634,B718-001,Atlas Earthmoving,South Africa,Sales Manager,2024-01-22
U0158,Elias Zimmer 0158,elias.zimmer0158@example.com,Mining Accounts,P718634,B718-001,Atlas Earthmoving,South Africa,Technician,2025-02-23
U0159,Lina Garcia 0159,lina.garcia0159@example.com,Mining Accounts,P718634,B718-001,Atlas Earthmoving,South Africa,Trainer,2026-03-24
U0160,Theo Nordin 0160,theo.nordin0160@example.com,Mining Accounts,P718634,B718-001,Atlas Earthmoving,South Africa,Coordinator,2024-04-25
U0161,Ava Usman 0161,ava.usman0161@example.com,Sales East,P235497,B235-001,Vistula Equipment,Poland,Analyst,2025-05-26
U0162,Liam Carter 0162,liam.carter0162@example.com,Sales East,P235497,B235-001,Vistula Equipment,Poland,Support Specialist,2026-06-27
U0163,Mia Johansson 0163,mia.johansson0163@example.com,Sales East,P235497,B235-001,Vistula Equipment,Poland,Sales Manager,2024-07-01
U0164,Noah Quinn 0164,noah.quinn0164@example.com,Sales East,P235497,B235-001,Vistula Equipment,Poland,Technician,2025-08-02
U0165,Emma Young 0165,emma.young0165@example.com,Sales East,P235497,B235-001,Vistula Equipment,Poland,Trainer,2026-09-03
U0166,Oscar Fischer 0166,oscar.fischer0166@example.com,Sales East,P235497,B235-001,Vistula Equipment,Poland,Coordinator,2024-10-04
U0167,Sofia Muller 0167,sofia.muller0167@example.com,Sales East,P235497,B235-001,Vistula Equipment,Poland,Analyst,2025-11-05
U0168,Lucas Turner 0168,lucas.turner0168@example.com,Sales East,P235497,B235-001,Vistula Equipment,Poland,Support Specialist,2026-12-06
U0169,Ella Berg 0169,ella.berg0169@example.com,Sales East,P235497,B235-001,Vistula Equipment,Poland,Sales Manager,2024-01-07
U0170,Hugo Ivanov 0170,hugo.ivanov0170@example.com,Sales East,P235497,B235-001,Vistula Equipment,Poland,Technician,2025-02-08
U0171,Nora Patel 0171,nora.patel0171@example.com,Rental,P849205,B849-001,Douro Plant Hire,Portugal,Trainer,2026-03-09
U0172,Leo Wang 0172,leo.wang0172@example.com,Rental,P849205,B849-001,Douro Plant Hire,Portugal,Coordinator,2024-04-10
U0173,Alma Eriksson 0173,alma.eriksson0173@example.com,Rental,P849205,B849-001,Douro Plant Hire,Portugal,Analyst,2025-05-11
U0174,Felix Larsen 0174,felix.larsen0174@example.com,Rental,P849205,B849-001,Douro Plant Hire,Portugal,Support Specialist,2026-06-12
U0175,Clara Silva 0175,clara.silva0175@example.com,Rental,P849205,B849-001,Douro Plant Hire,Portugal,Sales Manager,2024-07-13
U0176,Milo Andersson 0176,milo.andersson0176@example.com,Rental,P849205,B849-001,Douro Plant Hire,Portugal,Technician,2025-08-14
U0177,Freja Holm 0177,freja.holm0177@example.com,Rental,P849205,B849-001,Douro Plant Hire,Portugal,Trainer,2026-09-15
U0178,Elias Olsen 0178,elias.olsen0178@example.com,Rental,P849205,B849-001,Douro Plant Hire,Portugal,Coordinator,2024-10-16
U0179,Lina Vega 0179,lina.vega0179@example.com,Rental,P849205,B849-001,Douro Plant Hire,Portugal,Analyst,2025-11-17
U0180,Theo Dahl 0180,theo.dahl0180@example.com,Rental,P849205,B849-001,Douro Plant Hire,Portugal,Support Specialist,2026-12-18
U0181,Ava Kim 0181,ava.kim0181@example.com,Dealer Support,P604738,B604-001,Anatolia Dealer Services,Turkey,Sales Manager,2024-01-19
U0182,Liam Rossi 0182,liam.rossi0182@example.com,Dealer Support,P604738,B604-001,Anatolia Dealer Services,Turkey,Technician,2025-02-20
U0183,Mia Zimmer 0183,mia.zimmer0183@example.com,Dealer Support,P604738,B604-001,Anatolia Dealer Services,Turkey,Trainer,2026-03-21
U0184,Noah Garcia 0184,noah.garcia0184@example.com,Dealer Support,P604738,B604-001,Anatolia Dealer Services,Turkey,Coordinator,2024-04-22
U0185,Emma Nordin 0185,emma.nordin0185@example.com,Dealer Support,P604738,B604-001,Anatolia Dealer Services,Turkey,Analyst,2025-05-23
U0186,Oscar Usman 0186,oscar.usman0186@example.com,Dealer Support,P604738,B604-001,Anatolia Dealer Services,Turkey,Support Specialist,2026-06-24
U0187,Sofia Carter 0187,sofia.carter0187@example.com,Dealer Support,P604738,B604-001,Anatolia Dealer Services,Turkey,Sales Manager,2024-07-25
U0188,Lucas Johansson 0188,lucas.johansson0188@example.com,Dealer Support,P604738,B604-001,Anatolia Dealer Services,Turkey,Technician,2025-08-26
U0189,Ella Quinn 0189,ella.quinn0189@example.com,Dealer Support,P604738,B604-001,Anatolia Dealer Services,Turkey,Trainer,2026-09-27
U0190,Hugo Young 0190,hugo.young0190@example.com,Dealer Support,P604738,B604-001,Anatolia Dealer Services,Turkey,Coordinator,2024-10-01
U0191,Nora Fischer 0191,nora.fischer0191@example.com,Key Accounts,P976051,B976-001,Han River Machinery,South Korea,Analyst,2025-11-02
U0192,Leo Muller 0192,leo.muller0192@example.com,Key Accounts,P976051,B976-001,Han River Machinery,South Korea,Support Specialist,2026-12-03
U0193,Alma Turner 0193,alma.turner0193@example.com,Key Accounts,P976051,B976-001,Han River Machinery,South Korea,Sales Manager,2024-01-04
U0194,Felix Berg 0194,felix.berg0194@example.com,Key Accounts,P976051,B976-001,Han River Machinery,South Korea,Technician,2025-02-05
U0195,Clara Ivanov 0195,clara.ivanov0195@example.com,Key Accounts,P976051,B976-001,Han River Machinery,South Korea,Trainer,2026-03-06
U0196,Milo Patel 0196,milo.patel0196@example.com,Key Accounts,P976051,B976-001,Han River Machinery,South Korea,Coordinator,2024-04-07
U0197,Freja Wang 0197,freja.wang0197@example.com,Key Accounts,P976051,B976-001,Han River Machinery,South Korea,Analyst,2025-05-08
U0198,Elias Eriksson 0198,elias.eriksson0198@example.com,Key Accounts,P976051,B976-001,Han River Machinery,South Korea,Support Specialist,2026-06-09
U0199,Lina Larsen 0199,lina.larsen0199@example.com,Key Accounts,P976051,B976-001,Han River Machinery,South Korea,Sales Manager,2024-07-10
U0200,Theo Silva 0200,theo.silva0200@example.com,Key Accounts,P976051,B976-001,Han River Machinery,South Korea,Technician,2025-08-11
U0201,Ava Andersson 0201,ava.andersson0201@example.com,Sales North,P731204,B731-002,Nordic Equipment Group,Sweden,Trainer,2026-09-12
U0202,Liam Holm 0202,liam.holm0202@example.com,Sales North,P731204,B731-002,Nordic Equipment Group,Sweden,Coordinator,2024-10-13
U0203,Mia Olsen 0203,mia.olsen0203@example.com,Sales North,P731204,B731-002,Nordic Equipment Group,Sweden,Analyst,2025-11-14
U0204,Noah Vega 0204,noah.vega0204@example.com,Sales North,P731204,B731-002,Nordic Equipment Group,Sweden,Support Specialist,2026-12-15
U0205,Emma Dahl 0205,emma.dahl0205@example.com,Sales North,P731204,B731-002,Nordic Equipment Group,Sweden,Sales Manager,2024-01-16
U0206,Oscar Kim 0206,oscar.kim0206@example.com,Sales North,P731204,B731-002,Nordic Equipment Group,Sweden,Technician,2025-02-17
U0207,Sofia Rossi 0207,sofia.rossi0207@example.com,Sales North,P731204,B731-002,Nordic Equipment Group,Sweden,Trainer,2026-03-18
U0208,Lucas Zimmer 0208,lucas.zimmer0208@example.com,Sales North,P731204,B731-002,Nordic Equipment Group,Sweden,Coordinator,2024-04-19
U0209,Ella Garcia 0209,ella.garcia0209@example.com,Sales North,P731204,B731-002,Nordic Equipment Group,Sweden,Analyst,2025-05-20
U0210,Hugo Nordin 0210,hugo.nordin0210@example.com,Sales North,P731204,B731-002,Nordic Equipment Group,Sweden,Support Specialist,2026-06-21
U0211,Nora Usman 0211,nora.usman0211@example.com,Sales West,P184920,B184-002,Fjord Machines Group,Norway,Sales Manager,2024-07-22
U0212,Leo Carter 0212,leo.carter0212@example.com,Sales West,P184920,B184-002,Fjord Machines Group,Norway,Technician,2025-08-23
U0213,Alma Johansson 0213,alma.johansson0213@example.com,Sales West,P184920,B184-002,Fjord Machines Group,Norway,Trainer,2026-09-24
U0214,Felix Quinn 0214,felix.quinn0214@example.com,Sales West,P184920,B184-002,Fjord Machines Group,Norway,Coordinator,2024-10-25
U0215,Clara Young 0215,clara.young0215@example.com,Sales West,P184920,B184-002,Fjord Machines Group,Norway,Analyst,2025-11-26
U0216,Milo Fischer 0216,milo.fischer0216@example.com,Sales West,P184920,B184-002,Fjord Machines Group,Norway,Support Specialist,2026-12-27
U0217,Freja Muller 0217,freja.muller0217@example.com,Sales West,P184920,B184-002,Fjord Machines Group,Norway,Sales Manager,2024-01-01
U0218,Elias Turner 0218,elias.turner0218@example.com,Sales West,P184920,B184-002,Fjord Machines Group,Norway,Technician,2025-02-02
U0219,Lina Berg 0219,lina.berg0219@example.com,Sales West,P184920,B184-002,Fjord Machines Group,Norway,Trainer,2026-03-03
U0220,Theo Ivanov 0220,theo.ivanov0220@example.com,Sales West,P184920,B184-002,Fjord Machines Group,Norway,Coordinator,2024-04-04
U0221,Ava Patel 0221,ava.patel0221@example.com,Sales Central,P642118,B642-002,Bau Technik Holdings,Germany,Analyst,2025-05-05
U0222,Liam Wang 0222,liam.wang0222@example.com,Sales Central,P642118,B642-002,Bau Technik Holdings,Germany,Support Specialist,2026-06-06
U0223,Mia Eriksson 0223,mia.eriksson0223@example.com,Sales Central,P642118,B642-002,Bau Technik Holdings,Germany,Sales Manager,2024-07-07
U0224,Noah Larsen 0224,noah.larsen0224@example.com,Sales Central,P642118,B642-002,Bau Technik Holdings,Germany,Technician,2025-08-08
U0225,Emma Silva 0225,emma.silva0225@example.com,Sales Central,P642118,B642-002,Bau Technik Holdings,Germany,Trainer,2026-09-09
U0226,Oscar Andersson 0226,oscar.andersson0226@example.com,Sales Central,P642118,B642-002,Bau Technik Holdings,Germany,Coordinator,2024-10-10
U0227,Sofia Holm 0227,sofia.holm0227@example.com,Sales Central,P642118,B642-002,Bau Technik Holdings,Germany,Analyst,2025-11-11
U0228,Lucas Olsen 0228,lucas.olsen0228@example.com,Sales Central,P642118,B642-002,Bau Technik Holdings,Germany,Support Specialist,2026-12-12
U0229,Ella Vega 0229,ella.vega0229@example.com,Sales Central,P642118,B642-002,Bau Technik Holdings,Germany,Sales Manager,2024-01-13
U0230,Hugo Dahl 0230,hugo.dahl0230@example.com,Sales Central,P642118,B642-002,Bau Technik Holdings,Germany,Technician,2025-02-14
U0231,Nora Kim 0231,nora.kim0231@example.com,Aftermarket,P295731,B295-002,Pieces Service Group,France,Trainer,2026-03-15
U0232,Leo Rossi 0232,leo.rossi0232@example.com,Aftermarket,P295731,B295-002,Pieces Service Group,France,Coordinator,2024-04-16
U0233,Alma Zimmer 0233,alma.zimmer0233@example.com,Aftermarket,P295731,B295-002,Pieces Service Group,France,Analyst,2025-05-17
U0234,Felix Garcia 0234,felix.garcia0234@example.com,Aftermarket,P295731,B295-002,Pieces Service Group,France,Support Specialist,2026-06-18
U0235,Clara Nordin 0235,clara.nordin0235@example.com,Aftermarket,P295731,B295-002,Pieces Service Group,France,Sales Manager,2024-07-19
U0236,Milo Usman 0236,milo.usman0236@example.com,Aftermarket,P295731,B295-002,Pieces Service Group,France,Technician,2025-08-20
U0237,Freja Carter 0237,freja.carter0237@example.com,Aftermarket,P295731,B295-002,Pieces Service Group,France,Trainer,2026-09-21
U0238,Elias Johansson 0238,elias.johansson0238@example.com,Aftermarket,P295731,B295-002,Pieces Service Group,France,Coordinator,2024-10-22
U0239,Lina Quinn 0239,lina.quinn0239@example.com,Aftermarket,P295731,B295-002,Pieces Service Group,France,Analyst,2025-11-23
U0240,Theo Young 0240,theo.young0240@example.com,Aftermarket,P295731,B295-002,Pieces Service Group,France,Support Specialist,2026-12-24
U0241,Ava Fischer 0241,ava.fischer0241@example.com,Rental,P807443,B807-002,Great Lakes Rental,United States,Sales Manager,2024-01-25
U0242,Liam Muller 0242,liam.muller0242@example.com,Rental,P807443,B807-002,Great Lakes Rental,United States,Technician,2025-02-26
U0243,Mia Turner 0243,mia.turner0243@example.com,Rental,P807443,B807-002,Great Lakes Rental,United States,Trainer,2026-03-27
U0244,Noah Berg 0244,noah.berg0244@example.com,Rental,P807443,B807-002,Great Lakes Rental,United States,Coordinator,2024-04-01
U0245,Emma Ivanov 0245,emma.ivanov0245@example.com,Rental,P807443,B807-002,Great Lakes Rental,United States,Analyst,2025-05-02
U0246,Oscar Patel 0246,oscar.patel0246@example.com,Rental,P807443,B807-002,Great Lakes Rental,United States,Support Specialist,2026-06-03
U0247,Sofia Wang 0247,sofia.wang0247@example.com,Rental,P807443,B807-002,Great Lakes Rental,United States,Sales Manager,2024-07-04
U0248,Lucas Eriksson 0248,lucas.eriksson0248@example.com,Rental,P807443,B807-002,Great Lakes Rental,United States,Technician,2025-08-05
U0249,Ella Larsen 0249,ella.larsen0249@example.com,Rental,P807443,B807-002,Great Lakes Rental,United States,Trainer,2026-09-06
U0250,Hugo Silva 0250,hugo.silva0250@example.com,Rental,P807443,B807-002,Great Lakes Rental,United States,Coordinator,2024-10-07
U0251,Nora Andersson 0251,nora.andersson0251@example.com,Training,P516082,B516-002,Britannia Plant Services,United Kingdom,Analyst,2025-11-08
U0252,Leo Holm 0252,leo.holm0252@example.com,Training,P516082,B516-002,Britannia Plant Services,United Kingdom,Support Specialist,2026-12-09
U0253,Alma Olsen 0253,alma.olsen0253@example.com,Training,P516082,B516-002,Britannia Plant Services,United Kingdom,Sales Manager,2024-01-10
U0254,Felix Vega 0254,felix.vega0254@example.com,Training,P516082,B516-002,Britannia Plant Services,United Kingdom,Technician,2025-02-11
U0255,Clara Dahl 0255,clara.dahl0255@example.com,Training,P516082,B516-002,Britannia Plant Services,United Kingdom,Trainer,2026-03-12
U0256,Milo Kim 0256,milo.kim0256@example.com,Training,P516082,B516-002,Britannia Plant Services,United Kingdom,Coordinator,2024-04-13
U0257,Freja Rossi 0257,freja.rossi0257@example.com,Training,P516082,B516-002,Britannia Plant Services,United Kingdom,Analyst,2025-05-14
U0258,Elias Zimmer 0258,elias.zimmer0258@example.com,Training,P516082,B516-002,Britannia Plant Services,United Kingdom,Support Specialist,2026-06-15
U0259,Lina Garcia 0259,lina.garcia0259@example.com,Training,P516082,B516-002,Britannia Plant Services,United Kingdom,Sales Manager,2024-07-16
U0260,Theo Nordin 0260,theo.nordin0260@example.com,Training,P516082,B516-002,Britannia Plant Services,United Kingdom,Technician,2025-08-17
U0261,Ava Usman 0261,ava.usman0261@example.com,Digital Services,P409675,B409-002,Delta Connected Services,Netherlands,Trainer,2026-09-18
U0262,Liam Carter 0262,liam.carter0262@example.com,Digital Services,P409675,B409-002,Delta Connected Services,Netherlands,Coordinator,2024-10-19
U0263,Mia Johansson 0263,mia.johansson0263@example.com,Digital Services,P409675,B409-002,Delta Connected Services,Netherlands,Analyst,2025-11-20
U0264,Noah Quinn 0264,noah.quinn0264@example.com,Digital Services,P409675,B409-002,Delta Connected Services,Netherlands,Support Specialist,2026-12-21
U0265,Emma Young 0265,emma.young0265@example.com,Digital Services,P409675,B409-002,Delta Connected Services,Netherlands,Sales Manager,2024-01-22
U0266,Oscar Fischer 0266,oscar.fischer0266@example.com,Digital Services,P409675,B409-002,Delta Connected Services,Netherlands,Technician,2025-02-23
U0267,Sofia Muller 0267,sofia.muller0267@example.com,Digital Services,P409675,B409-002,Delta Connected Services,Netherlands,Trainer,2026-03-24
U0268,Lucas Turner 0268,lucas.turner0268@example.com,Digital Services,P409675,B409-002,Delta Connected Services,Netherlands,Coordinator,2024-04-25
U0269,Ella Berg 0269,ella.berg0269@example.com,Digital Services,P409675,B409-002,Delta Connected Services,Netherlands,Analyst,2025-05-26
U0270,Hugo Ivanov 0270,hugo.ivanov0270@example.com,Digital Services,P409675,B409-002,Delta Connected Services,Netherlands,Support Specialist,2026-06-27
U0271,Nora Patel 0271,nora.patel0271@example.com,Dealer Support,P920114,B920-002,Iberia Dealer Network,Spain,Sales Manager,2024-07-01
U0272,Leo Wang 0272,leo.wang0272@example.com,Dealer Support,P920114,B920-002,Iberia Dealer Network,Spain,Technician,2025-08-02
U0273,Alma Eriksson 0273,alma.eriksson0273@example.com,Dealer Support,P920114,B920-002,Iberia Dealer Network,Spain,Trainer,2026-09-03
U0274,Felix Larsen 0274,felix.larsen0274@example.com,Dealer Support,P920114,B920-002,Iberia Dealer Network,Spain,Coordinator,2024-10-04
U0275,Clara Silva 0275,clara.silva0275@example.com,Dealer Support,P920114,B920-002,Iberia Dealer Network,Spain,Analyst,2025-11-05
U0276,Milo Andersson 0276,milo.andersson0276@example.com,Dealer Support,P920114,B920-002,Iberia Dealer Network,Spain,Support Specialist,2026-12-06
U0277,Freja Holm 0277,freja.holm0277@example.com,Dealer Support,P920114,B920-002,Iberia Dealer Network,Spain,Sales Manager,2024-01-07
U0278,Elias Olsen 0278,elias.olsen0278@example.com,Dealer Support,P920114,B920-002,Iberia Dealer Network,Spain,Technician,2025-02-08
U0279,Lina Vega 0279,lina.vega0279@example.com,Dealer Support,P920114,B920-002,Iberia Dealer Network,Spain,Trainer,2026-03-09
U0280,Theo Dahl 0280,theo.dahl0280@example.com,Dealer Support,P920114,B920-002,Iberia Dealer Network,Spain,Coordinator,2024-04-10
U0281,Ava Kim 0281,ava.kim0281@example.com,Product Support,P358706,B358-002,Alpina Support Group,Italy,Analyst,2025-05-11
U0282,Liam Rossi 0282,liam.rossi0282@example.com,Product Support,P358706,B358-002,Alpina Support Group,Italy,Support Specialist,2026-06-12
U0283,Mia Zimmer 0283,mia.zimmer0283@example.com,Product Support,P358706,B358-002,Alpina Support Group,Italy,Sales Manager,2024-07-13
U0284,Noah Garcia 0284,noah.garcia0284@example.com,Product Support,P358706,B358-002,Alpina Support Group,Italy,Technician,2025-08-14
U0285,Emma Nordin 0285,emma.nordin0285@example.com,Product Support,P358706,B358-002,Alpina Support Group,Italy,Trainer,2026-09-15
U0286,Oscar Usman 0286,oscar.usman0286@example.com,Product Support,P358706,B358-002,Alpina Support Group,Italy,Coordinator,2024-10-16
U0287,Sofia Carter 0287,sofia.carter0287@example.com,Product Support,P358706,B358-002,Alpina Support Group,Italy,Analyst,2025-11-17
U0288,Lucas Johansson 0288,lucas.johansson0288@example.com,Product Support,P358706,B358-002,Alpina Support Group,Italy,Support Specialist,2026-12-18
U0289,Ella Quinn 0289,ella.quinn0289@example.com,Product Support,P358706,B358-002,Alpina Support Group,Italy,Sales Manager,2024-01-19
U0290,Hugo Young 0290,hugo.young0290@example.com,Product Support,P358706,B358-002,Alpina Support Group,Italy,Technician,2025-02-20
U0291,Nora Fischer 0291,nora.fischer0291@example.com,Key Accounts,P674219,B674-002,Brasil Accounts Group,Brazil,Trainer,2026-03-21
U0292,Leo Muller 0292,leo.muller0292@example.com,Key Accounts,P674219,B674-002,Brasil Accounts Group,Brazil,Coordinator,2024-04-22
U0293,Alma Turner 0293,alma.turner0293@example.com,Key Accounts,P674219,B674-002,Brasil Accounts Group,Brazil,Analyst,2025-05-23
U0294,Felix Berg 0294,felix.berg0294@example.com,Key Accounts,P674219,B674-002,Brasil Accounts Group,Brazil,Support Specialist,2026-06-24
U0295,Clara Ivanov 0295,clara.ivanov0295@example.com,Key Accounts,P674219,B674-002,Brasil Accounts Group,Brazil,Sales Manager,2024-07-25
U0296,Milo Patel 0296,milo.patel0296@example.com,Key Accounts,P674219,B674-002,Brasil Accounts Group,Brazil,Technician,2025-08-26
U0297,Freja Wang 0297,freja.wang0297@example.com,Key Accounts,P674219,B674-002,Brasil Accounts Group,Brazil,Trainer,2026-09-27
U0298,Elias Eriksson 0298,elias.eriksson0298@example.com,Key Accounts,P674219,B674-002,Brasil Accounts Group,Brazil,Coordinator,2024-10-01
U0299,Lina Larsen 0299,lina.larsen0299@example.com,Key Accounts,P674219,B674-002,Brasil Accounts Group,Brazil,Analyst,2025-11-02
U0300,Theo Silva 0300,theo.silva0300@example.com,Key Accounts,P674219,B674-002,Brasil Accounts Group,Brazil,Support Specialist,2026-12-03
U0301,Ava Andersson 0301,ava.andersson0301@example.com,Field Service,P247806,B247-002,Baltic Field Services,Estonia,Sales Manager,2024-01-04
U0302,Liam Holm 0302,liam.holm0302@example.com,Field Service,P247806,B247-002,Baltic Field Services,Estonia,Technician,2025-02-05
U0303,Mia Olsen 0303,mia.olsen0303@example.com,Field Service,P247806,B247-002,Baltic Field Services,Estonia,Trainer,2026-03-06
U0304,Noah Vega 0304,noah.vega0304@example.com,Field Service,P247806,B247-002,Baltic Field Services,Estonia,Coordinator,2024-04-07
U0305,Emma Dahl 0305,emma.dahl0305@example.com,Field Service,P247806,B247-002,Baltic Field Services,Estonia,Analyst,2025-05-08
U0306,Oscar Kim 0306,oscar.kim0306@example.com,Field Service,P247806,B247-002,Baltic Field Services,Estonia,Support Specialist,2026-06-09
U0307,Sofia Rossi 0307,sofia.rossi0307@example.com,Field Service,P247806,B247-002,Baltic Field Services,Estonia,Sales Manager,2024-07-10
U0308,Lucas Zimmer 0308,lucas.zimmer0308@example.com,Field Service,P247806,B247-002,Baltic Field Services,Estonia,Technician,2025-08-11
U0309,Ella Garcia 0309,ella.garcia0309@example.com,Field Service,P247806,B247-002,Baltic Field Services,Estonia,Trainer,2026-09-12
U0310,Hugo Nordin 0310,hugo.nordin0310@example.com,Field Service,P247806,B247-002,Baltic Field Services,Estonia,Coordinator,2024-10-13
U0311,Nora Usman 0311,nora.usman0311@example.com,Regional Sales,P803162,B803-002,Maple Heavy Equipment,Canada,Analyst,2025-11-14
U0312,Leo Carter 0312,leo.carter0312@example.com,Regional Sales,P803162,B803-002,Maple Heavy Equipment,Canada,Support Specialist,2026-12-15
U0313,Alma Johansson 0313,alma.johansson0313@example.com,Regional Sales,P803162,B803-002,Maple Heavy Equipment,Canada,Sales Manager,2024-01-16
U0314,Felix Quinn 0314,felix.quinn0314@example.com,Regional Sales,P803162,B803-002,Maple Heavy Equipment,Canada,Technician,2025-02-17
U0315,Clara Young 0315,clara.young0315@example.com,Regional Sales,P803162,B803-002,Maple Heavy Equipment,Canada,Trainer,2026-03-18
U0316,Milo Fischer 0316,milo.fischer0316@example.com,Regional Sales,P803162,B803-002,Maple Heavy Equipment,Canada,Coordinator,2024-04-19
U0317,Freja Muller 0317,freja.muller0317@example.com,Regional Sales,P803162,B803-002,Maple Heavy Equipment,Canada,Analyst,2025-05-20
U0318,Elias Turner 0318,elias.turner0318@example.com,Regional Sales,P803162,B803-002,Maple Heavy Equipment,Canada,Support Specialist,2026-06-21
U0319,Lina Berg 0319,lina.berg0319@example.com,Regional Sales,P803162,B803-002,Maple Heavy Equipment,Canada,Sales Manager,2024-07-22
U0320,Theo Ivanov 0320,theo.ivanov0320@example.com,Regional Sales,P803162,B803-002,Maple Heavy Equipment,Canada,Technician,2025-08-23
U0321,Ava Patel 0321,ava.patel0321@example.com,Site Support,P469350,B469-002,Pacific Site Solutions,Australia,Trainer,2026-09-24
U0322,Liam Wang 0322,liam.wang0322@example.com,Site Support,P469350,B469-002,Pacific Site Solutions,Australia,Coordinator,2024-10-25
U0323,Mia Eriksson 0323,mia.eriksson0323@example.com,Site Support,P469350,B469-002,Pacific Site Solutions,Australia,Analyst,2025-11-26
U0324,Noah Larsen 0324,noah.larsen0324@example.com,Site Support,P469350,B469-002,Pacific Site Solutions,Australia,Support Specialist,2026-12-27
U0325,Emma Silva 0325,emma.silva0325@example.com,Site Support,P469350,B469-002,Pacific Site Solutions,Australia,Sales Manager,2024-01-01
U0326,Oscar Andersson 0326,oscar.andersson0326@example.com,Site Support,P469350,B469-002,Pacific Site Solutions,Australia,Technician,2025-02-02
U0327,Sofia Holm 0327,sofia.holm0327@example.com,Site Support,P469350,B469-002,Pacific Site Solutions,Australia,Trainer,2026-03-03
U0328,Lucas Olsen 0328,lucas.olsen0328@example.com,Site Support,P469350,B469-002,Pacific Site Solutions,Australia,Coordinator,2024-04-04
U0329,Ella Vega 0329,ella.vega0329@example.com,Site Support,P469350,B469-002,Pacific Site Solutions,Australia,Analyst,2025-05-05
U0330,Hugo Dahl 0330,hugo.dahl0330@example.com,Site Support,P469350,B469-002,Pacific Site Solutions,Australia,Support Specialist,2026-06-06
U0331,Nora Kim 0331,nora.kim0331@example.com,Dealer Development,P582941,B582-002,Andes Construction Partners,Chile,Sales Manager,2024-07-07
U0332,Leo Rossi 0332,leo.rossi0332@example.com,Dealer Development,P582941,B582-002,Andes Construction Partners,Chile,Technician,2025-08-08
U0333,Alma Zimmer 0333,alma.zimmer0333@example.com,Dealer Development,P582941,B582-002,Andes Construction Partners,Chile,Trainer,2026-09-09
U0334,Felix Garcia 0334,felix.garcia0334@example.com,Dealer Development,P582941,B582-002,Andes Construction Partners,Chile,Coordinator,2024-10-10
U0335,Clara Nordin 0335,clara.nordin0335@example.com,Dealer Development,P582941,B582-002,Andes Construction Partners,Chile,Analyst,2025-11-11
U0336,Milo Usman 0336,milo.usman0336@example.com,Dealer Development,P582941,B582-002,Andes Construction Partners,Chile,Support Specialist,2026-12-12
U0337,Freja Carter 0337,freja.carter0337@example.com,Dealer Development,P582941,B582-002,Andes Construction Partners,Chile,Sales Manager,2024-01-13
U0338,Elias Johansson 0338,elias.johansson0338@example.com,Dealer Development,P582941,B582-002,Andes Construction Partners,Chile,Technician,2025-02-14
U0339,Lina Quinn 0339,lina.quinn0339@example.com,Dealer Development,P582941,B582-002,Andes Construction Partners,Chile,Trainer,2026-03-15
U0340,Theo Young 0340,theo.young0340@example.com,Dealer Development,P582941,B582-002,Andes Construction Partners,Chile,Coordinator,2024-04-16
U0341,Ava Fischer 0341,ava.fischer0341@example.com,Product Support,P390526,B390-002,Sakura Machine Works,Japan,Analyst,2025-05-17
U0342,Liam Muller 0342,liam.muller0342@example.com,Product Support,P390526,B390-002,Sakura Machine Works,Japan,Support Specialist,2026-06-18
U0343,Mia Turner 0343,mia.turner0343@example.com,Product Support,P390526,B390-002,Sakura Machine Works,Japan,Sales Manager,2024-07-19
U0344,Noah Berg 0344,noah.berg0344@example.com,Product Support,P390526,B390-002,Sakura Machine Works,Japan,Technician,2025-08-20
U0345,Emma Ivanov 0345,emma.ivanov0345@example.com,Product Support,P390526,B390-002,Sakura Machine Works,Japan,Trainer,2026-09-21
U0346,Oscar Patel 0346,oscar.patel0346@example.com,Product Support,P390526,B390-002,Sakura Machine Works,Japan,Coordinator,2024-10-22
U0347,Sofia Wang 0347,sofia.wang0347@example.com,Product Support,P390526,B390-002,Sakura Machine Works,Japan,Analyst,2025-11-23
U0348,Lucas Eriksson 0348,lucas.eriksson0348@example.com,Product Support,P390526,B390-002,Sakura Machine Works,Japan,Support Specialist,2026-12-24
U0349,Ella Larsen 0349,ella.larsen0349@example.com,Product Support,P390526,B390-002,Sakura Machine Works,Japan,Sales Manager,2024-01-25
U0350,Hugo Silva 0350,hugo.silva0350@example.com,Product Support,P390526,B390-002,Sakura Machine Works,Japan,Technician,2025-02-26
U0351,Nora Andersson 0351,nora.andersson0351@example.com,Mining Accounts,P718634,B718-002,Atlas Earthmoving,South Africa,Trainer,2026-03-27
U0352,Leo Holm 0352,leo.holm0352@example.com,Mining Accounts,P718634,B718-002,Atlas Earthmoving,South Africa,Coordinator,2024-04-01
U0353,Alma Olsen 0353,alma.olsen0353@example.com,Mining Accounts,P718634,B718-002,Atlas Earthmoving,South Africa,Analyst,2025-05-02
U0354,Felix Vega 0354,felix.vega0354@example.com,Mining Accounts,P718634,B718-002,Atlas Earthmoving,South Africa,Support Specialist,2026-06-03
U0355,Clara Dahl 0355,clara.dahl0355@example.com,Mining Accounts,P718634,B718-002,Atlas Earthmoving,South Africa,Sales Manager,2024-07-04
U0356,Milo Kim 0356,milo.kim0356@example.com,Mining Accounts,P718634,B718-002,Atlas Earthmoving,South Africa,Technician,2025-08-05
U0357,Freja Rossi 0357,freja.rossi0357@example.com,Mining Accounts,P718634,B718-002,Atlas Earthmoving,South Africa,Trainer,2026-09-06
U0358,Elias Zimmer 0358,elias.zimmer0358@example.com,Mining Accounts,P718634,B718-002,Atlas Earthmoving,South Africa,Coordinator,2024-10-07
U0359,Lina Garcia 0359,lina.garcia0359@example.com,Mining Accounts,P718634,B718-002,Atlas Earthmoving,South Africa,Analyst,2025-11-08
U0360,Theo Nordin 0360,theo.nordin0360@example.com,Mining Accounts,P718634,B718-002,Atlas Earthmoving,South Africa,Support Specialist,2026-12-09
U0361,Ava Usman 0361,ava.usman0361@example.com,Sales East,P235497,B235-002,Vistula Equipment,Poland,Sales Manager,2024-01-10
U0362,Liam Carter 0362,liam.carter0362@example.com,Sales East,P235497,B235-002,Vistula Equipment,Poland,Technician,2025-02-11
U0363,Mia Johansson 0363,mia.johansson0363@example.com,Sales East,P235497,B235-002,Vistula Equipment,Poland,Trainer,2026-03-12
U0364,Noah Quinn 0364,noah.quinn0364@example.com,Sales East,P235497,B235-002,Vistula Equipment,Poland,Coordinator,2024-04-13
U0365,Emma Young 0365,emma.young0365@example.com,Sales East,P235497,B235-002,Vistula Equipment,Poland,Analyst,2025-05-14
U0366,Oscar Fischer 0366,oscar.fischer0366@example.com,Sales East,P235497,B235-002,Vistula Equipment,Poland,Support Specialist,2026-06-15
U0367,Sofia Muller 0367,sofia.muller0367@example.com,Sales East,P235497,B235-002,Vistula Equipment,Poland,Sales Manager,2024-07-16
U0368,Lucas Turner 0368,lucas.turner0368@example.com,Sales East,P235497,B235-002,Vistula Equipment,Poland,Technician,2025-08-17
U0369,Ella Berg 0369,ella.berg0369@example.com,Sales East,P235497,B235-002,Vistula Equipment,Poland,Trainer,2026-09-18
U0370,Hugo Ivanov 0370,hugo.ivanov0370@example.com,Sales East,P235497,B235-002,Vistula Equipment,Poland,Coordinator,2024-10-19
U0371,Nora Patel 0371,nora.patel0371@example.com,Rental,P849205,B849-002,Douro Plant Hire,Portugal,Analyst,2025-11-20
U0372,Leo Wang 0372,leo.wang0372@example.com,Rental,P849205,B849-002,Douro Plant Hire,Portugal,Support Specialist,2026-12-21
U0373,Alma Eriksson 0373,alma.eriksson0373@example.com,Rental,P849205,B849-002,Douro Plant Hire,Portugal,Sales Manager,2024-01-22
U0374,Felix Larsen 0374,felix.larsen0374@example.com,Rental,P849205,B849-002,Douro Plant Hire,Portugal,Technician,2025-02-23
U0375,Clara Silva 0375,clara.silva0375@example.com,Rental,P849205,B849-002,Douro Plant Hire,Portugal,Trainer,2026-03-24
U0376,Milo Andersson 0376,milo.andersson0376@example.com,Rental,P849205,B849-002,Douro Plant Hire,Portugal,Coordinator,2024-04-25
U0377,Freja Holm 0377,freja.holm0377@example.com,Rental,P849205,B849-002,Douro Plant Hire,Portugal,Analyst,2025-05-26
U0378,Elias Olsen 0378,elias.olsen0378@example.com,Rental,P849205,B849-002,Douro Plant Hire,Portugal,Support Specialist,2026-06-27
U0379,Lina Vega 0379,lina.vega0379@example.com,Rental,P849205,B849-002,Douro Plant Hire,Portugal,Sales Manager,2024-07-01
U0380,Theo Dahl 0380,theo.dahl0380@example.com,Rental,P849205,B849-002,Douro Plant Hire,Portugal,Technician,2025-08-02
U0381,Ava Kim 0381,ava.kim0381@example.com,Dealer Support,P604738,B604-002,Anatolia Dealer Services,Turkey,Trainer,2026-09-03
U0382,Liam Rossi 0382,liam.rossi0382@example.com,Dealer Support,P604738,B604-002,Anatolia Dealer Services,Turkey,Coordinator,2024-10-04
U0383,Mia Zimmer 0383,mia.zimmer0383@example.com,Dealer Support,P604738,B604-002,Anatolia Dealer Services,Turkey,Analyst,2025-11-05
U0384,Noah Garcia 0384,noah.garcia0384@example.com,Dealer Support,P604738,B604-002,Anatolia Dealer Services,Turkey,Support Specialist,2026-12-06
U0385,Emma Nordin 0385,emma.nordin0385@example.com,Dealer Support,P604738,B604-002,Anatolia Dealer Services,Turkey,Sales Manager,2024-01-07
U0386,Oscar Usman 0386,oscar.usman0386@example.com,Dealer Support,P604738,B604-002,Anatolia Dealer Services,Turkey,Technician,2025-02-08
U0387,Sofia Carter 0387,sofia.carter0387@example.com,Dealer Support,P604738,B604-002,Anatolia Dealer Services,Turkey,Trainer,2026-03-09
U0388,Lucas Johansson 0388,lucas.johansson0388@example.com,Dealer Support,P604738,B604-002,Anatolia Dealer Services,Turkey,Coordinator,2024-04-10
U0389,Ella Quinn 0389,ella.quinn0389@example.com,Dealer Support,P604738,B604-002,Anatolia Dealer Services,Turkey,Analyst,2025-05-11
U0390,Hugo Young 0390,hugo.young0390@example.com,Dealer Support,P604738,B604-002,Anatolia Dealer Services,Turkey,Support Specialist,2026-06-12
U0391,Nora Fischer 0391,nora.fischer0391@example.com,Key Accounts,P976051,B976-002,Han River Machinery,South Korea,Sales Manager,2024-07-13
U0392,Leo Muller 0392,leo.muller0392@example.com,Key Accounts,P976051,B976-002,Han River Machinery,South Korea,Technician,2025-08-14
U0393,Alma Turner 0393,alma.turner0393@example.com,Key Accounts,P976051,B976-002,Han River Machinery,South Korea,Trainer,2026-09-15
U0394,Felix Berg 0394,felix.berg0394@example.com,Key Accounts,P976051,B976-002,Han River Machinery,South Korea,Coordinator,2024-10-16
U0395,Clara Ivanov 0395,clara.ivanov0395@example.com,Key Accounts,P976051,B976-002,Han River Machinery,South Korea,Analyst,2025-11-17
U0396,Milo Patel 0396,milo.patel0396@example.com,Key Accounts,P976051,B976-002,Han River Machinery,South Korea,Support Specialist,2026-12-18
U0397,Freja Wang 0397,freja.wang0397@example.com,Key Accounts,P976051,B976-002,Han River Machinery,South Korea,Sales Manager,2024-01-19
U0398,Elias Eriksson 0398,elias.eriksson0398@example.com,Key Accounts,P976051,B976-002,Han River Machinery,South Korea,Technician,2025-02-20
U0399,Lina Larsen 0399,lina.larsen0399@example.com,Key Accounts,P976051,B976-002,Han River Machinery,South Korea,Trainer,2026-03-21
U0400,Theo Silva 0400,theo.silva0400@example.com,Key Accounts,P976051,B976-002,Han River Machinery,South Korea,Coordinator,2024-04-22
U0401,Ava Andersson 0401,ava.andersson0401@example.com,Sales North,P731204,B731-003,Nordic Equipment Group,Sweden,Analyst,2025-05-23
U0402,Liam Holm 0402,liam.holm0402@example.com,Sales North,P731204,B731-003,Nordic Equipment Group,Sweden,Support Specialist,2026-06-24
U0403,Mia Olsen 0403,mia.olsen0403@example.com,Sales North,P731204,B731-003,Nordic Equipment Group,Sweden,Sales Manager,2024-07-25
U0404,Noah Vega 0404,noah.vega0404@example.com,Sales North,P731204,B731-003,Nordic Equipment Group,Sweden,Technician,2025-08-26
U0405,Emma Dahl 0405,emma.dahl0405@example.com,Sales North,P731204,B731-003,Nordic Equipment Group,Sweden,Trainer,2026-09-27
U0406,Oscar Kim 0406,oscar.kim0406@example.com,Sales North,P731204,B731-003,Nordic Equipment Group,Sweden,Coordinator,2024-10-01
U0407,Sofia Rossi 0407,sofia.rossi0407@example.com,Sales North,P731204,B731-003,Nordic Equipment Group,Sweden,Analyst,2025-11-02
U0408,Lucas Zimmer 0408,lucas.zimmer0408@example.com,Sales North,P731204,B731-003,Nordic Equipment Group,Sweden,Support Specialist,2026-12-03
U0409,Ella Garcia 0409,ella.garcia0409@example.com,Sales North,P731204,B731-003,Nordic Equipment Group,Sweden,Sales Manager,2024-01-04
U0410,Hugo Nordin 0410,hugo.nordin0410@example.com,Sales North,P731204,B731-003,Nordic Equipment Group,Sweden,Technician,2025-02-05
U0411,Nora Usman 0411,nora.usman0411@example.com,Sales West,P184920,B184-003,Fjord Machines Group,Norway,Trainer,2026-03-06
U0412,Leo Carter 0412,leo.carter0412@example.com,Sales West,P184920,B184-003,Fjord Machines Group,Norway,Coordinator,2024-04-07
U0413,Alma Johansson 0413,alma.johansson0413@example.com,Sales West,P184920,B184-003,Fjord Machines Group,Norway,Analyst,2025-05-08
U0414,Felix Quinn 0414,felix.quinn0414@example.com,Sales West,P184920,B184-003,Fjord Machines Group,Norway,Support Specialist,2026-06-09
U0415,Clara Young 0415,clara.young0415@example.com,Sales West,P184920,B184-003,Fjord Machines Group,Norway,Sales Manager,2024-07-10
U0416,Milo Fischer 0416,milo.fischer0416@example.com,Sales West,P184920,B184-003,Fjord Machines Group,Norway,Technician,2025-08-11
U0417,Freja Muller 0417,freja.muller0417@example.com,Sales West,P184920,B184-003,Fjord Machines Group,Norway,Trainer,2026-09-12
U0418,Elias Turner 0418,elias.turner0418@example.com,Sales West,P184920,B184-003,Fjord Machines Group,Norway,Coordinator,2024-10-13
U0419,Lina Berg 0419,lina.berg0419@example.com,Sales West,P184920,B184-003,Fjord Machines Group,Norway,Analyst,2025-11-14
U0420,Theo Ivanov 0420,theo.ivanov0420@example.com,Sales West,P184920,B184-003,Fjord Machines Group,Norway,Support Specialist,2026-12-15
U0421,Ava Patel 0421,ava.patel0421@example.com,Sales Central,P642118,B642-003,Bau Technik Holdings,Germany,Sales Manager,2024-01-16
U0422,Liam Wang 0422,liam.wang0422@example.com,Sales Central,P642118,B642-003,Bau Technik Holdings,Germany,Technician,2025-02-17
U0423,Mia Eriksson 0423,mia.eriksson0423@example.com,Sales Central,P642118,B642-003,Bau Technik Holdings,Germany,Trainer,2026-03-18
U0424,Noah Larsen 0424,noah.larsen0424@example.com,Sales Central,P642118,B642-003,Bau Technik Holdings,Germany,Coordinator,2024-04-19
U0425,Emma Silva 0425,emma.silva0425@example.com,Sales Central,P642118,B642-003,Bau Technik Holdings,Germany,Analyst,2025-05-20
U0426,Oscar Andersson 0426,oscar.andersson0426@example.com,Sales Central,P642118,B642-003,Bau Technik Holdings,Germany,Support Specialist,2026-06-21
U0427,Sofia Holm 0427,sofia.holm0427@example.com,Sales Central,P642118,B642-003,Bau Technik Holdings,Germany,Sales Manager,2024-07-22
U0428,Lucas Olsen 0428,lucas.olsen0428@example.com,Sales Central,P642118,B642-003,Bau Technik Holdings,Germany,Technician,2025-08-23
U0429,Ella Vega 0429,ella.vega0429@example.com,Sales Central,P642118,B642-003,Bau Technik Holdings,Germany,Trainer,2026-09-24
U0430,Hugo Dahl 0430,hugo.dahl0430@example.com,Sales Central,P642118,B642-003,Bau Technik Holdings,Germany,Coordinator,2024-10-25
U0431,Nora Kim 0431,nora.kim0431@example.com,Aftermarket,P295731,B295-003,Pieces Service Group,France,Analyst,2025-11-26
U0432,Leo Rossi 0432,leo.rossi0432@example.com,Aftermarket,P295731,B295-003,Pieces Service Group,France,Support Specialist,2026-12-27
U0433,Alma Zimmer 0433,alma.zimmer0433@example.com,Aftermarket,P295731,B295-003,Pieces Service Group,France,Sales Manager,2024-01-01
U0434,Felix Garcia 0434,felix.garcia0434@example.com,Aftermarket,P295731,B295-003,Pieces Service Group,France,Technician,2025-02-02
U0435,Clara Nordin 0435,clara.nordin0435@example.com,Aftermarket,P295731,B295-003,Pieces Service Group,France,Trainer,2026-03-03
U0436,Milo Usman 0436,milo.usman0436@example.com,Aftermarket,P295731,B295-003,Pieces Service Group,France,Coordinator,2024-04-04
U0437,Freja Carter 0437,freja.carter0437@example.com,Aftermarket,P295731,B295-003,Pieces Service Group,France,Analyst,2025-05-05
U0438,Elias Johansson 0438,elias.johansson0438@example.com,Aftermarket,P295731,B295-003,Pieces Service Group,France,Support Specialist,2026-06-06
U0439,Lina Quinn 0439,lina.quinn0439@example.com,Aftermarket,P295731,B295-003,Pieces Service Group,France,Sales Manager,2024-07-07
U0440,Theo Young 0440,theo.young0440@example.com,Aftermarket,P295731,B295-003,Pieces Service Group,France,Technician,2025-08-08
U0441,Ava Fischer 0441,ava.fischer0441@example.com,Rental,P807443,B807-003,Great Lakes Rental,United States,Trainer,2026-09-09
U0442,Liam Muller 0442,liam.muller0442@example.com,Rental,P807443,B807-003,Great Lakes Rental,United States,Coordinator,2024-10-10
U0443,Mia Turner 0443,mia.turner0443@example.com,Rental,P807443,B807-003,Great Lakes Rental,United States,Analyst,2025-11-11
U0444,Noah Berg 0444,noah.berg0444@example.com,Rental,P807443,B807-003,Great Lakes Rental,United States,Support Specialist,2026-12-12
U0445,Emma Ivanov 0445,emma.ivanov0445@example.com,Rental,P807443,B807-003,Great Lakes Rental,United States,Sales Manager,2024-01-13
U0446,Oscar Patel 0446,oscar.patel0446@example.com,Rental,P807443,B807-003,Great Lakes Rental,United States,Technician,2025-02-14
U0447,Sofia Wang 0447,sofia.wang0447@example.com,Rental,P807443,B807-003,Great Lakes Rental,United States,Trainer,2026-03-15
U0448,Lucas Eriksson 0448,lucas.eriksson0448@example.com,Rental,P807443,B807-003,Great Lakes Rental,United States,Coordinator,2024-04-16
U0449,Ella Larsen 0449,ella.larsen0449@example.com,Rental,P807443,B807-003,Great Lakes Rental,United States,Analyst,2025-05-17
U0450,Hugo Silva 0450,hugo.silva0450@example.com,Rental,P807443,B807-003,Great Lakes Rental,United States,Support Specialist,2026-06-18
U0451,Nora Andersson 0451,nora.andersson0451@example.com,Training,P516082,B516-003,Britannia Plant Services,United Kingdom,Sales Manager,2024-07-19
U0452,Leo Holm 0452,leo.holm0452@example.com,Training,P516082,B516-003,Britannia Plant Services,United Kingdom,Technician,2025-08-20
U0453,Alma Olsen 0453,alma.olsen0453@example.com,Training,P516082,B516-003,Britannia Plant Services,United Kingdom,Trainer,2026-09-21
U0454,Felix Vega 0454,felix.vega0454@example.com,Training,P516082,B516-003,Britannia Plant Services,United Kingdom,Coordinator,2024-10-22
U0455,Clara Dahl 0455,clara.dahl0455@example.com,Training,P516082,B516-003,Britannia Plant Services,United Kingdom,Analyst,2025-11-23
U0456,Milo Kim 0456,milo.kim0456@example.com,Training,P516082,B516-003,Britannia Plant Services,United Kingdom,Support Specialist,2026-12-24
U0457,Freja Rossi 0457,freja.rossi0457@example.com,Training,P516082,B516-003,Britannia Plant Services,United Kingdom,Sales Manager,2024-01-25
U0458,Elias Zimmer 0458,elias.zimmer0458@example.com,Training,P516082,B516-003,Britannia Plant Services,United Kingdom,Technician,2025-02-26
U0459,Lina Garcia 0459,lina.garcia0459@example.com,Training,P516082,B516-003,Britannia Plant Services,United Kingdom,Trainer,2026-03-27
U0460,Theo Nordin 0460,theo.nordin0460@example.com,Training,P516082,B516-003,Britannia Plant Services,United Kingdom,Coordinator,2024-04-01
U0461,Ava Usman 0461,ava.usman0461@example.com,Digital Services,P409675,B409-003,Delta Connected Services,Netherlands,Analyst,2025-05-02
U0462,Liam Carter 0462,liam.carter0462@example.com,Digital Services,P409675,B409-003,Delta Connected Services,Netherlands,Support Specialist,2026-06-03
U0463,Mia Johansson 0463,mia.johansson0463@example.com,Digital Services,P409675,B409-003,Delta Connected Services,Netherlands,Sales Manager,2024-07-04
U0464,Noah Quinn 0464,noah.quinn0464@example.com,Digital Services,P409675,B409-003,Delta Connected Services,Netherlands,Technician,2025-08-05
U0465,Emma Young 0465,emma.young0465@example.com,Digital Services,P409675,B409-003,Delta Connected Services,Netherlands,Trainer,2026-09-06
U0466,Oscar Fischer 0466,oscar.fischer0466@example.com,Digital Services,P409675,B409-003,Delta Connected Services,Netherlands,Coordinator,2024-10-07
U0467,Sofia Muller 0467,sofia.muller0467@example.com,Digital Services,P409675,B409-003,Delta Connected Services,Netherlands,Analyst,2025-11-08
U0468,Lucas Turner 0468,lucas.turner0468@example.com,Digital Services,P409675,B409-003,Delta Connected Services,Netherlands,Support Specialist,2026-12-09
U0469,Ella Berg 0469,ella.berg0469@example.com,Digital Services,P409675,B409-003,Delta Connected Services,Netherlands,Sales Manager,2024-01-10
U0470,Hugo Ivanov 0470,hugo.ivanov0470@example.com,Digital Services,P409675,B409-003,Delta Connected Services,Netherlands,Technician,2025-02-11
U0471,Nora Patel 0471,nora.patel0471@example.com,Dealer Support,P920114,B920-003,Iberia Dealer Network,Spain,Trainer,2026-03-12
U0472,Leo Wang 0472,leo.wang0472@example.com,Dealer Support,P920114,B920-003,Iberia Dealer Network,Spain,Coordinator,2024-04-13
U0473,Alma Eriksson 0473,alma.eriksson0473@example.com,Dealer Support,P920114,B920-003,Iberia Dealer Network,Spain,Analyst,2025-05-14
U0474,Felix Larsen 0474,felix.larsen0474@example.com,Dealer Support,P920114,B920-003,Iberia Dealer Network,Spain,Support Specialist,2026-06-15
U0475,Clara Silva 0475,clara.silva0475@example.com,Dealer Support,P920114,B920-003,Iberia Dealer Network,Spain,Sales Manager,2024-07-16
U0476,Milo Andersson 0476,milo.andersson0476@example.com,Dealer Support,P920114,B920-003,Iberia Dealer Network,Spain,Technician,2025-08-17
U0477,Freja Holm 0477,freja.holm0477@example.com,Dealer Support,P920114,B920-003,Iberia Dealer Network,Spain,Trainer,2026-09-18
U0478,Elias Olsen 0478,elias.olsen0478@example.com,Dealer Support,P920114,B920-003,Iberia Dealer Network,Spain,Coordinator,2024-10-19
U0479,Lina Vega 0479,lina.vega0479@example.com,Dealer Support,P920114,B920-003,Iberia Dealer Network,Spain,Analyst,2025-11-20
U0480,Theo Dahl 0480,theo.dahl0480@example.com,Dealer Support,P920114,B920-003,Iberia Dealer Network,Spain,Support Specialist,2026-12-21
U0481,Ava Kim 0481,ava.kim0481@example.com,Product Support,P358706,B358-003,Alpina Support Group,Italy,Sales Manager,2024-01-22
U0482,Liam Rossi 0482,liam.rossi0482@example.com,Product Support,P358706,B358-003,Alpina Support Group,Italy,Technician,2025-02-23
U0483,Mia Zimmer 0483,mia.zimmer0483@example.com,Product Support,P358706,B358-003,Alpina Support Group,Italy,Trainer,2026-03-24
U0484,Noah Garcia 0484,noah.garcia0484@example.com,Product Support,P358706,B358-003,Alpina Support Group,Italy,Coordinator,2024-04-25
U0485,Emma Nordin 0485,emma.nordin0485@example.com,Product Support,P358706,B358-003,Alpina Support Group,Italy,Analyst,2025-05-26
U0486,Oscar Usman 0486,oscar.usman0486@example.com,Product Support,P358706,B358-003,Alpina Support Group,Italy,Support Specialist,2026-06-27
U0487,Sofia Carter 0487,sofia.carter0487@example.com,Product Support,P358706,B358-003,Alpina Support Group,Italy,Sales Manager,2024-07-01
U0488,Lucas Johansson 0488,lucas.johansson0488@example.com,Product Support,P358706,B358-003,Alpina Support Group,Italy,Technician,2025-08-02
U0489,Ella Quinn 0489,ella.quinn0489@example.com,Product Support,P358706,B358-003,Alpina Support Group,Italy,Trainer,2026-09-03
U0490,Hugo Young 0490,hugo.young0490@example.com,Product Support,P358706,B358-003,Alpina Support Group,Italy,Coordinator,2024-10-04
U0491,Nora Fischer 0491,nora.fischer0491@example.com,Key Accounts,P674219,B674-003,Brasil Accounts Group,Brazil,Analyst,2025-11-05
U0492,Leo Muller 0492,leo.muller0492@example.com,Key Accounts,P674219,B674-003,Brasil Accounts Group,Brazil,Support Specialist,2026-12-06
U0493,Alma Turner 0493,alma.turner0493@example.com,Key Accounts,P674219,B674-003,Brasil Accounts Group,Brazil,Sales Manager,2024-01-07
U0494,Felix Berg 0494,felix.berg0494@example.com,Key Accounts,P674219,B674-003,Brasil Accounts Group,Brazil,Technician,2025-02-08
U0495,Clara Ivanov 0495,clara.ivanov0495@example.com,Key Accounts,P674219,B674-003,Brasil Accounts Group,Brazil,Trainer,2026-03-09
U0496,Milo Patel 0496,milo.patel0496@example.com,Key Accounts,P674219,B674-003,Brasil Accounts Group,Brazil,Coordinator,2024-04-10
U0497,Freja Wang 0497,freja.wang0497@example.com,Key Accounts,P674219,B674-003,Brasil Accounts Group,Brazil,Analyst,2025-05-11
U0498,Elias Eriksson 0498,elias.eriksson0498@example.com,Key Accounts,P674219,B674-003,Brasil Accounts Group,Brazil,Support Specialist,2026-06-12
U0499,Lina Larsen 0499,lina.larsen0499@example.com,Key Accounts,P674219,B674-003,Brasil Accounts Group,Brazil,Sales Manager,2024-07-13
U0500,Theo Silva 0500,theo.silva0500@example.com,Key Accounts,P674219,B674-003,Brasil Accounts Group,Brazil,Technician,2025-08-14
U0501,Ava Andersson 0501,ava.andersson0501@example.com,Field Service,P247806,B247-003,Baltic Field Services,Estonia,Trainer,2026-09-15
U0502,Liam Holm 0502,liam.holm0502@example.com,Field Service,P247806,B247-003,Baltic Field Services,Estonia,Coordinator,2024-10-16
U0503,Mia Olsen 0503,mia.olsen0503@example.com,Field Service,P247806,B247-003,Baltic Field Services,Estonia,Analyst,2025-11-17
U0504,Noah Vega 0504,noah.vega0504@example.com,Field Service,P247806,B247-003,Baltic Field Services,Estonia,Support Specialist,2026-12-18
U0505,Emma Dahl 0505,emma.dahl0505@example.com,Field Service,P247806,B247-003,Baltic Field Services,Estonia,Sales Manager,2024-01-19
U0506,Oscar Kim 0506,oscar.kim0506@example.com,Field Service,P247806,B247-003,Baltic Field Services,Estonia,Technician,2025-02-20
U0507,Sofia Rossi 0507,sofia.rossi0507@example.com,Field Service,P247806,B247-003,Baltic Field Services,Estonia,Trainer,2026-03-21
U0508,Lucas Zimmer 0508,lucas.zimmer0508@example.com,Field Service,P247806,B247-003,Baltic Field Services,Estonia,Coordinator,2024-04-22
U0509,Ella Garcia 0509,ella.garcia0509@example.com,Field Service,P247806,B247-003,Baltic Field Services,Estonia,Analyst,2025-05-23
U0510,Hugo Nordin 0510,hugo.nordin0510@example.com,Field Service,P247806,B247-003,Baltic Field Services,Estonia,Support Specialist,2026-06-24
U0511,Nora Usman 0511,nora.usman0511@example.com,Regional Sales,P803162,B803-003,Maple Heavy Equipment,Canada,Sales Manager,2024-07-25
U0512,Leo Carter 0512,leo.carter0512@example.com,Regional Sales,P803162,B803-003,Maple Heavy Equipment,Canada,Technician,2025-08-26
U0513,Alma Johansson 0513,alma.johansson0513@example.com,Regional Sales,P803162,B803-003,Maple Heavy Equipment,Canada,Trainer,2026-09-27
U0514,Felix Quinn 0514,felix.quinn0514@example.com,Regional Sales,P803162,B803-003,Maple Heavy Equipment,Canada,Coordinator,2024-10-01
U0515,Clara Young 0515,clara.young0515@example.com,Regional Sales,P803162,B803-003,Maple Heavy Equipment,Canada,Analyst,2025-11-02
U0516,Milo Fischer 0516,milo.fischer0516@example.com,Regional Sales,P803162,B803-003,Maple Heavy Equipment,Canada,Support Specialist,2026-12-03
U0517,Freja Muller 0517,freja.muller0517@example.com,Regional Sales,P803162,B803-003,Maple Heavy Equipment,Canada,Sales Manager,2024-01-04
U0518,Elias Turner 0518,elias.turner0518@example.com,Regional Sales,P803162,B803-003,Maple Heavy Equipment,Canada,Technician,2025-02-05
U0519,Lina Berg 0519,lina.berg0519@example.com,Regional Sales,P803162,B803-003,Maple Heavy Equipment,Canada,Trainer,2026-03-06
U0520,Theo Ivanov 0520,theo.ivanov0520@example.com,Regional Sales,P803162,B803-003,Maple Heavy Equipment,Canada,Coordinator,2024-04-07
U0521,Ava Patel 0521,ava.patel0521@example.com,Site Support,P469350,B469-003,Pacific Site Solutions,Australia,Analyst,2025-05-08
U0522,Liam Wang 0522,liam.wang0522@example.com,Site Support,P469350,B469-003,Pacific Site Solutions,Australia,Support Specialist,2026-06-09
U0523,Mia Eriksson 0523,mia.eriksson0523@example.com,Site Support,P469350,B469-003,Pacific Site Solutions,Australia,Sales Manager,2024-07-10
U0524,Noah Larsen 0524,noah.larsen0524@example.com,Site Support,P469350,B469-003,Pacific Site Solutions,Australia,Technician,2025-08-11
U0525,Emma Silva 0525,emma.silva0525@example.com,Site Support,P469350,B469-003,Pacific Site Solutions,Australia,Trainer,2026-09-12
U0526,Oscar Andersson 0526,oscar.andersson0526@example.com,Site Support,P469350,B469-003,Pacific Site Solutions,Australia,Coordinator,2024-10-13
U0527,Sofia Holm 0527,sofia.holm0527@example.com,Site Support,P469350,B469-003,Pacific Site Solutions,Australia,Analyst,2025-11-14
U0528,Lucas Olsen 0528,lucas.olsen0528@example.com,Site Support,P469350,B469-003,Pacific Site Solutions,Australia,Support Specialist,2026-12-15
U0529,Ella Vega 0529,ella.vega0529@example.com,Site Support,P469350,B469-003,Pacific Site Solutions,Australia,Sales Manager,2024-01-16
U0530,Hugo Dahl 0530,hugo.dahl0530@example.com,Site Support,P469350,B469-003,Pacific Site Solutions,Australia,Technician,2025-02-17
U0531,Nora Kim 0531,nora.kim0531@example.com,Dealer Development,P582941,B582-003,Andes Construction Partners,Chile,Trainer,2026-03-18
U0532,Leo Rossi 0532,leo.rossi0532@example.com,Dealer Development,P582941,B582-003,Andes Construction Partners,Chile,Coordinator,2024-04-19
U0533,Alma Zimmer 0533,alma.zimmer0533@example.com,Dealer Development,P582941,B582-003,Andes Construction Partners,Chile,Analyst,2025-05-20
U0534,Felix Garcia 0534,felix.garcia0534@example.com,Dealer Development,P582941,B582-003,Andes Construction Partners,Chile,Support Specialist,2026-06-21
U0535,Clara Nordin 0535,clara.nordin0535@example.com,Dealer Development,P582941,B582-003,Andes Construction Partners,Chile,Sales Manager,2024-07-22
U0536,Milo Usman 0536,milo.usman0536@example.com,Dealer Development,P582941,B582-003,Andes Construction Partners,Chile,Technician,2025-08-23
U0537,Freja Carter 0537,freja.carter0537@example.com,Dealer Development,P582941,B582-003,Andes Construction Partners,Chile,Trainer,2026-09-24
U0538,Elias Johansson 0538,elias.johansson0538@example.com,Dealer Development,P582941,B582-003,Andes Construction Partners,Chile,Coordinator,2024-10-25
U0539,Lina Quinn 0539,lina.quinn0539@example.com,Dealer Development,P582941,B582-003,Andes Construction Partners,Chile,Analyst,2025-11-26
U0540,Theo Young 0540,theo.young0540@example.com,Dealer Development,P582941,B582-003,Andes Construction Partners,Chile,Support Specialist,2026-12-27
U0541,Ava Fischer 0541,ava.fischer0541@example.com,Product Support,P390526,B390-003,Sakura Machine Works,Japan,Sales Manager,2024-01-01
U0542,Liam Muller 0542,liam.muller0542@example.com,Product Support,P390526,B390-003,Sakura Machine Works,Japan,Technician,2025-02-02
U0543,Mia Turner 0543,mia.turner0543@example.com,Product Support,P390526,B390-003,Sakura Machine Works,Japan,Trainer,2026-03-03
U0544,Noah Berg 0544,noah.berg0544@example.com,Product Support,P390526,B390-003,Sakura Machine Works,Japan,Coordinator,2024-04-04
U0545,Emma Ivanov 0545,emma.ivanov0545@example.com,Product Support,P390526,B390-003,Sakura Machine Works,Japan,Analyst,2025-05-05
U0546,Oscar Patel 0546,oscar.patel0546@example.com,Product Support,P390526,B390-003,Sakura Machine Works,Japan,Support Specialist,2026-06-06
U0547,Sofia Wang 0547,sofia.wang0547@example.com,Product Support,P390526,B390-003,Sakura Machine Works,Japan,Sales Manager,2024-07-07
U0548,Lucas Eriksson 0548,lucas.eriksson0548@example.com,Product Support,P390526,B390-003,Sakura Machine Works,Japan,Technician,2025-08-08
U0549,Ella Larsen 0549,ella.larsen0549@example.com,Product Support,P390526,B390-003,Sakura Machine Works,Japan,Trainer,2026-09-09
U0550,Hugo Silva 0550,hugo.silva0550@example.com,Product Support,P390526,B390-003,Sakura Machine Works,Japan,Coordinator,2024-10-10
U0551,Nora Andersson 0551,nora.andersson0551@example.com,Mining Accounts,P718634,B718-003,Atlas Earthmoving,South Africa,Analyst,2025-11-11
U0552,Leo Holm 0552,leo.holm0552@example.com,Mining Accounts,P718634,B718-003,Atlas Earthmoving,South Africa,Support Specialist,2026-12-12
U0553,Alma Olsen 0553,alma.olsen0553@example.com,Mining Accounts,P718634,B718-003,Atlas Earthmoving,South Africa,Sales Manager,2024-01-13
U0554,Felix Vega 0554,felix.vega0554@example.com,Mining Accounts,P718634,B718-003,Atlas Earthmoving,South Africa,Technician,2025-02-14
U0555,Clara Dahl 0555,clara.dahl0555@example.com,Mining Accounts,P718634,B718-003,Atlas Earthmoving,South Africa,Trainer,2026-03-15
U0556,Milo Kim 0556,milo.kim0556@example.com,Mining Accounts,P718634,B718-003,Atlas Earthmoving,South Africa,Coordinator,2024-04-16
U0557,Freja Rossi 0557,freja.rossi0557@example.com,Mining Accounts,P718634,B718-003,Atlas Earthmoving,South Africa,Analyst,2025-05-17
U0558,Elias Zimmer 0558,elias.zimmer0558@example.com,Mining Accounts,P718634,B718-003,Atlas Earthmoving,South Africa,Support Specialist,2026-06-18
U0559,Lina Garcia 0559,lina.garcia0559@example.com,Mining Accounts,P718634,B718-003,Atlas Earthmoving,South Africa,Sales Manager,2024-07-19
U0560,Theo Nordin 0560,theo.nordin0560@example.com,Mining Accounts,P718634,B718-003,Atlas Earthmoving,South Africa,Technician,2025-08-20
U0561,Ava Usman 0561,ava.usman0561@example.com,Sales East,P235497,B235-003,Vistula Equipment,Poland,Trainer,2026-09-21
U0562,Liam Carter 0562,liam.carter0562@example.com,Sales East,P235497,B235-003,Vistula Equipment,Poland,Coordinator,2024-10-22
U0563,Mia Johansson 0563,mia.johansson0563@example.com,Sales East,P235497,B235-003,Vistula Equipment,Poland,Analyst,2025-11-23
U0564,Noah Quinn 0564,noah.quinn0564@example.com,Sales East,P235497,B235-003,Vistula Equipment,Poland,Support Specialist,2026-12-24
U0565,Emma Young 0565,emma.young0565@example.com,Sales East,P235497,B235-003,Vistula Equipment,Poland,Sales Manager,2024-01-25
U0566,Oscar Fischer 0566,oscar.fischer0566@example.com,Sales East,P235497,B235-003,Vistula Equipment,Poland,Technician,2025-02-26
U0567,Sofia Muller 0567,sofia.muller0567@example.com,Sales East,P235497,B235-003,Vistula Equipment,Poland,Trainer,2026-03-27
U0568,Lucas Turner 0568,lucas.turner0568@example.com,Sales East,P235497,B235-003,Vistula Equipment,Poland,Coordinator,2024-04-01
U0569,Ella Berg 0569,ella.berg0569@example.com,Sales East,P235497,B235-003,Vistula Equipment,Poland,Analyst,2025-05-02
U0570,Hugo Ivanov 0570,hugo.ivanov0570@example.com,Sales East,P235497,B235-003,Vistula Equipment,Poland,Support Specialist,2026-06-03
U0571,Nora Patel 0571,nora.patel0571@example.com,Rental,P849205,B849-003,Douro Plant Hire,Portugal,Sales Manager,2024-07-04
U0572,Leo Wang 0572,leo.wang0572@example.com,Rental,P849205,B849-003,Douro Plant Hire,Portugal,Technician,2025-08-05
U0573,Alma Eriksson 0573,alma.eriksson0573@example.com,Rental,P849205,B849-003,Douro Plant Hire,Portugal,Trainer,2026-09-06
U0574,Felix Larsen 0574,felix.larsen0574@example.com,Rental,P849205,B849-003,Douro Plant Hire,Portugal,Coordinator,2024-10-07
U0575,Clara Silva 0575,clara.silva0575@example.com,Rental,P849205,B849-003,Douro Plant Hire,Portugal,Analyst,2025-11-08
U0576,Milo Andersson 0576,milo.andersson0576@example.com,Rental,P849205,B849-003,Douro Plant Hire,Portugal,Support Specialist,2026-12-09
U0577,Freja Holm 0577,freja.holm0577@example.com,Rental,P849205,B849-003,Douro Plant Hire,Portugal,Sales Manager,2024-01-10
U0578,Elias Olsen 0578,elias.olsen0578@example.com,Rental,P849205,B849-003,Douro Plant Hire,Portugal,Technician,2025-02-11
U0579,Lina Vega 0579,lina.vega0579@example.com,Rental,P849205,B849-003,Douro Plant Hire,Portugal,Trainer,2026-03-12
U0580,Theo Dahl 0580,theo.dahl0580@example.com,Rental,P849205,B849-003,Douro Plant Hire,Portugal,Coordinator,2024-04-13
U0581,Ava Kim 0581,ava.kim0581@example.com,Dealer Support,P604738,B604-003,Anatolia Dealer Services,Turkey,Analyst,2025-05-14
U0582,Liam Rossi 0582,liam.rossi0582@example.com,Dealer Support,P604738,B604-003,Anatolia Dealer Services,Turkey,Support Specialist,2026-06-15
U0583,Mia Zimmer 0583,mia.zimmer0583@example.com,Dealer Support,P604738,B604-003,Anatolia Dealer Services,Turkey,Sales Manager,2024-07-16
U0584,Noah Garcia 0584,noah.garcia0584@example.com,Dealer Support,P604738,B604-003,Anatolia Dealer Services,Turkey,Technician,2025-08-17
U0585,Emma Nordin 0585,emma.nordin0585@example.com,Dealer Support,P604738,B604-003,Anatolia Dealer Services,Turkey,Trainer,2026-09-18
U0586,Oscar Usman 0586,oscar.usman0586@example.com,Dealer Support,P604738,B604-003,Anatolia Dealer Services,Turkey,Coordinator,2024-10-19
U0587,Sofia Carter 0587,sofia.carter0587@example.com,Dealer Support,P604738,B604-003,Anatolia Dealer Services,Turkey,Analyst,2025-11-20
U0588,Lucas Johansson 0588,lucas.johansson0588@example.com,Dealer Support,P604738,B604-003,Anatolia Dealer Services,Turkey,Support Specialist,2026-12-21
U0589,Ella Quinn 0589,ella.quinn0589@example.com,Dealer Support,P604738,B604-003,Anatolia Dealer Services,Turkey,Sales Manager,2024-01-22
U0590,Hugo Young 0590,hugo.young0590@example.com,Dealer Support,P604738,B604-003,Anatolia Dealer Services,Turkey,Technician,2025-02-23
U0591,Nora Fischer 0591,nora.fischer0591@example.com,Key Accounts,P976051,B976-003,Han River Machinery,South Korea,Trainer,2026-03-24
U0592,Leo Muller 0592,leo.muller0592@example.com,Key Accounts,P976051,B976-003,Han River Machinery,South Korea,Coordinator,2024-04-25
U0593,Alma Turner 0593,alma.turner0593@example.com,Key Accounts,P976051,B976-003,Han River Machinery,South Korea,Analyst,2025-05-26
U0594,Felix Berg 0594,felix.berg0594@example.com,Key Accounts,P976051,B976-003,Han River Machinery,South Korea,Support Specialist,2026-06-27
U0595,Clara Ivanov 0595,clara.ivanov0595@example.com,Key Accounts,P976051,B976-003,Han River Machinery,South Korea,Sales Manager,2024-07-01
U0596,Milo Patel 0596,milo.patel0596@example.com,Key Accounts,P976051,B976-003,Han River Machinery,South Korea,Technician,2025-08-02
U0597,Freja Wang 0597,freja.wang0597@example.com,Key Accounts,P976051,B976-003,Han River Machinery,South Korea,Trainer,2026-09-03
U0598,Elias Eriksson 0598,elias.eriksson0598@example.com,Key Accounts,P976051,B976-003,Han River Machinery,South Korea,Coordinator,2024-10-04
U0599,Lina Larsen 0599,lina.larsen0599@example.com,Key Accounts,P976051,B976-003,Han River Machinery,South Korea,Analyst,2025-11-05
U0600,Theo Silva 0600,theo.silva0600@example.com,Key Accounts,P976051,B976-003,Han River Machinery,South Korea,Support Specialist,2026-12-06
U0601,Ava Andersson 0601,ava.andersson0601@example.com,Sales North,P731204,B731-004,Nordic Equipment Group,Sweden,Sales Manager,2024-01-07
U0602,Liam Holm 0602,liam.holm0602@example.com,Sales North,P731204,B731-004,Nordic Equipment Group,Sweden,Technician,2025-02-08
U0603,Mia Olsen 0603,mia.olsen0603@example.com,Sales North,P731204,B731-004,Nordic Equipment Group,Sweden,Trainer,2026-03-09
U0604,Noah Vega 0604,noah.vega0604@example.com,Sales North,P731204,B731-004,Nordic Equipment Group,Sweden,Coordinator,2024-04-10
U0605,Emma Dahl 0605,emma.dahl0605@example.com,Sales North,P731204,B731-004,Nordic Equipment Group,Sweden,Analyst,2025-05-11
U0606,Oscar Kim 0606,oscar.kim0606@example.com,Sales North,P731204,B731-004,Nordic Equipment Group,Sweden,Support Specialist,2026-06-12
U0607,Sofia Rossi 0607,sofia.rossi0607@example.com,Sales North,P731204,B731-004,Nordic Equipment Group,Sweden,Sales Manager,2024-07-13
U0608,Lucas Zimmer 0608,lucas.zimmer0608@example.com,Sales North,P731204,B731-004,Nordic Equipment Group,Sweden,Technician,2025-08-14
U0609,Ella Garcia 0609,ella.garcia0609@example.com,Sales North,P731204,B731-004,Nordic Equipment Group,Sweden,Trainer,2026-09-15
U0610,Hugo Nordin 0610,hugo.nordin0610@example.com,Sales North,P731204,B731-004,Nordic Equipment Group,Sweden,Coordinator,2024-10-16
U0611,Nora Usman 0611,nora.usman0611@example.com,Sales West,P184920,B184-004,Fjord Machines Group,Norway,Analyst,2025-11-17
U0612,Leo Carter 0612,leo.carter0612@example.com,Sales West,P184920,B184-004,Fjord Machines Group,Norway,Support Specialist,2026-12-18
U0613,Alma Johansson 0613,alma.johansson0613@example.com,Sales West,P184920,B184-004,Fjord Machines Group,Norway,Sales Manager,2024-01-19
U0614,Felix Quinn 0614,felix.quinn0614@example.com,Sales West,P184920,B184-004,Fjord Machines Group,Norway,Technician,2025-02-20
U0615,Clara Young 0615,clara.young0615@example.com,Sales West,P184920,B184-004,Fjord Machines Group,Norway,Trainer,2026-03-21
U0616,Milo Fischer 0616,milo.fischer0616@example.com,Sales West,P184920,B184-004,Fjord Machines Group,Norway,Coordinator,2024-04-22
U0617,Freja Muller 0617,freja.muller0617@example.com,Sales West,P184920,B184-004,Fjord Machines Group,Norway,Analyst,2025-05-23
U0618,Elias Turner 0618,elias.turner0618@example.com,Sales West,P184920,B184-004,Fjord Machines Group,Norway,Support Specialist,2026-06-24
U0619,Lina Berg 0619,lina.berg0619@example.com,Sales West,P184920,B184-004,Fjord Machines Group,Norway,Sales Manager,2024-07-25
U0620,Theo Ivanov 0620,theo.ivanov0620@example.com,Sales West,P184920,B184-004,Fjord Machines Group,Norway,Technician,2025-08-26
U0621,Ava Patel 0621,ava.patel0621@example.com,Sales Central,P642118,B642-004,Bau Technik Holdings,Germany,Trainer,2026-09-27
U0622,Liam Wang 0622,liam.wang0622@example.com,Sales Central,P642118,B642-004,Bau Technik Holdings,Germany,Coordinator,2024-10-01
U0623,Mia Eriksson 0623,mia.eriksson0623@example.com,Sales Central,P642118,B642-004,Bau Technik Holdings,Germany,Analyst,2025-11-02
U0624,Noah Larsen 0624,noah.larsen0624@example.com,Sales Central,P642118,B642-004,Bau Technik Holdings,Germany,Support Specialist,2026-12-03
U0625,Emma Silva 0625,emma.silva0625@example.com,Sales Central,P642118,B642-004,Bau Technik Holdings,Germany,Sales Manager,2024-01-04
U0626,Oscar Andersson 0626,oscar.andersson0626@example.com,Sales Central,P642118,B642-004,Bau Technik Holdings,Germany,Technician,2025-02-05
U0627,Sofia Holm 0627,sofia.holm0627@example.com,Sales Central,P642118,B642-004,Bau Technik Holdings,Germany,Trainer,2026-03-06
U0628,Lucas Olsen 0628,lucas.olsen0628@example.com,Sales Central,P642118,B642-004,Bau Technik Holdings,Germany,Coordinator,2024-04-07
U0629,Ella Vega 0629,ella.vega0629@example.com,Sales Central,P642118,B642-004,Bau Technik Holdings,Germany,Analyst,2025-05-08
U0630,Hugo Dahl 0630,hugo.dahl0630@example.com,Sales Central,P642118,B642-004,Bau Technik Holdings,Germany,Support Specialist,2026-06-09
U0631,Nora Kim 0631,nora.kim0631@example.com,Aftermarket,P295731,B295-004,Pieces Service Group,France,Sales Manager,2024-07-10
U0632,Leo Rossi 0632,leo.rossi0632@example.com,Aftermarket,P295731,B295-004,Pieces Service Group,France,Technician,2025-08-11
U0633,Alma Zimmer 0633,alma.zimmer0633@example.com,Aftermarket,P295731,B295-004,Pieces Service Group,France,Trainer,2026-09-12
U0634,Felix Garcia 0634,felix.garcia0634@example.com,Aftermarket,P295731,B295-004,Pieces Service Group,France,Coordinator,2024-10-13
U0635,Clara Nordin 0635,clara.nordin0635@example.com,Aftermarket,P295731,B295-004,Pieces Service Group,France,Analyst,2025-11-14
U0636,Milo Usman 0636,milo.usman0636@example.com,Aftermarket,P295731,B295-004,Pieces Service Group,France,Support Specialist,2026-12-15
U0637,Freja Carter 0637,freja.carter0637@example.com,Aftermarket,P295731,B295-004,Pieces Service Group,France,Sales Manager,2024-01-16
U0638,Elias Johansson 0638,elias.johansson0638@example.com,Aftermarket,P295731,B295-004,Pieces Service Group,France,Technician,2025-02-17
U0639,Lina Quinn 0639,lina.quinn0639@example.com,Aftermarket,P295731,B295-004,Pieces Service Group,France,Trainer,2026-03-18
U0640,Theo Young 0640,theo.young0640@example.com,Aftermarket,P295731,B295-004,Pieces Service Group,France,Coordinator,2024-04-19
U0641,Ava Fischer 0641,ava.fischer0641@example.com,Rental,P807443,B807-004,Great Lakes Rental,United States,Analyst,2025-05-20
U0642,Liam Muller 0642,liam.muller0642@example.com,Rental,P807443,B807-004,Great Lakes Rental,United States,Support Specialist,2026-06-21
U0643,Mia Turner 0643,mia.turner0643@example.com,Rental,P807443,B807-004,Great Lakes Rental,United States,Sales Manager,2024-07-22
U0644,Noah Berg 0644,noah.berg0644@example.com,Rental,P807443,B807-004,Great Lakes Rental,United States,Technician,2025-08-23
U0645,Emma Ivanov 0645,emma.ivanov0645@example.com,Rental,P807443,B807-004,Great Lakes Rental,United States,Trainer,2026-09-24
U0646,Oscar Patel 0646,oscar.patel0646@example.com,Rental,P807443,B807-004,Great Lakes Rental,United States,Coordinator,2024-10-25
U0647,Sofia Wang 0647,sofia.wang0647@example.com,Rental,P807443,B807-004,Great Lakes Rental,United States,Analyst,2025-11-26
U0648,Lucas Eriksson 0648,lucas.eriksson0648@example.com,Rental,P807443,B807-004,Great Lakes Rental,United States,Support Specialist,2026-12-27
U0649,Ella Larsen 0649,ella.larsen0649@example.com,Rental,P807443,B807-004,Great Lakes Rental,United States,Sales Manager,2024-01-01
U0650,Hugo Silva 0650,hugo.silva0650@example.com,Rental,P807443,B807-004,Great Lakes Rental,United States,Technician,2025-02-02
U0651,Nora Andersson 0651,nora.andersson0651@example.com,Training,P516082,B516-004,Britannia Plant Services,United Kingdom,Trainer,2026-03-03
U0652,Leo Holm 0652,leo.holm0652@example.com,Training,P516082,B516-004,Britannia Plant Services,United Kingdom,Coordinator,2024-04-04
U0653,Alma Olsen 0653,alma.olsen0653@example.com,Training,P516082,B516-004,Britannia Plant Services,United Kingdom,Analyst,2025-05-05
U0654,Felix Vega 0654,felix.vega0654@example.com,Training,P516082,B516-004,Britannia Plant Services,United Kingdom,Support Specialist,2026-06-06
U0655,Clara Dahl 0655,clara.dahl0655@example.com,Training,P516082,B516-004,Britannia Plant Services,United Kingdom,Sales Manager,2024-07-07
U0656,Milo Kim 0656,milo.kim0656@example.com,Training,P516082,B516-004,Britannia Plant Services,United Kingdom,Technician,2025-08-08
U0657,Freja Rossi 0657,freja.rossi0657@example.com,Training,P516082,B516-004,Britannia Plant Services,United Kingdom,Trainer,2026-09-09
U0658,Elias Zimmer 0658,elias.zimmer0658@example.com,Training,P516082,B516-004,Britannia Plant Services,United Kingdom,Coordinator,2024-10-10
U0659,Lina Garcia 0659,lina.garcia0659@example.com,Training,P516082,B516-004,Britannia Plant Services,United Kingdom,Analyst,2025-11-11
U0660,Theo Nordin 0660,theo.nordin0660@example.com,Training,P516082,B516-004,Britannia Plant Services,United Kingdom,Support Specialist,2026-12-12
U0661,Ava Usman 0661,ava.usman0661@example.com,Digital Services,P409675,B409-004,Delta Connected Services,Netherlands,Sales Manager,2024-01-13
U0662,Liam Carter 0662,liam.carter0662@example.com,Digital Services,P409675,B409-004,Delta Connected Services,Netherlands,Technician,2025-02-14
U0663,Mia Johansson 0663,mia.johansson0663@example.com,Digital Services,P409675,B409-004,Delta Connected Services,Netherlands,Trainer,2026-03-15
U0664,Noah Quinn 0664,noah.quinn0664@example.com,Digital Services,P409675,B409-004,Delta Connected Services,Netherlands,Coordinator,2024-04-16
U0665,Emma Young 0665,emma.young0665@example.com,Digital Services,P409675,B409-004,Delta Connected Services,Netherlands,Analyst,2025-05-17
U0666,Oscar Fischer 0666,oscar.fischer0666@example.com,Digital Services,P409675,B409-004,Delta Connected Services,Netherlands,Support Specialist,2026-06-18
U0667,Sofia Muller 0667,sofia.muller0667@example.com,Digital Services,P409675,B409-004,Delta Connected Services,Netherlands,Sales Manager,2024-07-19
U0668,Lucas Turner 0668,lucas.turner0668@example.com,Digital Services,P409675,B409-004,Delta Connected Services,Netherlands,Technician,2025-08-20
U0669,Ella Berg 0669,ella.berg0669@example.com,Digital Services,P409675,B409-004,Delta Connected Services,Netherlands,Trainer,2026-09-21
U0670,Hugo Ivanov 0670,hugo.ivanov0670@example.com,Digital Services,P409675,B409-004,Delta Connected Services,Netherlands,Coordinator,2024-10-22
U0671,Nora Patel 0671,nora.patel0671@example.com,Dealer Support,P920114,B920-004,Iberia Dealer Network,Spain,Analyst,2025-11-23
U0672,Leo Wang 0672,leo.wang0672@example.com,Dealer Support,P920114,B920-004,Iberia Dealer Network,Spain,Support Specialist,2026-12-24
U0673,Alma Eriksson 0673,alma.eriksson0673@example.com,Dealer Support,P920114,B920-004,Iberia Dealer Network,Spain,Sales Manager,2024-01-25
U0674,Felix Larsen 0674,felix.larsen0674@example.com,Dealer Support,P920114,B920-004,Iberia Dealer Network,Spain,Technician,2025-02-26
U0675,Clara Silva 0675,clara.silva0675@example.com,Dealer Support,P920114,B920-004,Iberia Dealer Network,Spain,Trainer,2026-03-27
U0676,Milo Andersson 0676,milo.andersson0676@example.com,Dealer Support,P920114,B920-004,Iberia Dealer Network,Spain,Coordinator,2024-04-01
U0677,Freja Holm 0677,freja.holm0677@example.com,Dealer Support,P920114,B920-004,Iberia Dealer Network,Spain,Analyst,2025-05-02
U0678,Elias Olsen 0678,elias.olsen0678@example.com,Dealer Support,P920114,B920-004,Iberia Dealer Network,Spain,Support Specialist,2026-06-03
U0679,Lina Vega 0679,lina.vega0679@example.com,Dealer Support,P920114,B920-004,Iberia Dealer Network,Spain,Sales Manager,2024-07-04
U0680,Theo Dahl 0680,theo.dahl0680@example.com,Dealer Support,P920114,B920-004,Iberia Dealer Network,Spain,Technician,2025-08-05
U0681,Ava Kim 0681,ava.kim0681@example.com,Product Support,P358706,B358-004,Alpina Support Group,Italy,Trainer,2026-09-06
U0682,Liam Rossi 0682,liam.rossi0682@example.com,Product Support,P358706,B358-004,Alpina Support Group,Italy,Coordinator,2024-10-07
U0683,Mia Zimmer 0683,mia.zimmer0683@example.com,Product Support,P358706,B358-004,Alpina Support Group,Italy,Analyst,2025-11-08
U0684,Noah Garcia 0684,noah.garcia0684@example.com,Product Support,P358706,B358-004,Alpina Support Group,Italy,Support Specialist,2026-12-09
U0685,Emma Nordin 0685,emma.nordin0685@example.com,Product Support,P358706,B358-004,Alpina Support Group,Italy,Sales Manager,2024-01-10
U0686,Oscar Usman 0686,oscar.usman0686@example.com,Product Support,P358706,B358-004,Alpina Support Group,Italy,Technician,2025-02-11
U0687,Sofia Carter 0687,sofia.carter0687@example.com,Product Support,P358706,B358-004,Alpina Support Group,Italy,Trainer,2026-03-12
U0688,Lucas Johansson 0688,lucas.johansson0688@example.com,Product Support,P358706,B358-004,Alpina Support Group,Italy,Coordinator,2024-04-13
U0689,Ella Quinn 0689,ella.quinn0689@example.com,Product Support,P358706,B358-004,Alpina Support Group,Italy,Analyst,2025-05-14
U0690,Hugo Young 0690,hugo.young0690@example.com,Product Support,P358706,B358-004,Alpina Support Group,Italy,Support Specialist,2026-06-15
U0691,Nora Fischer 0691,nora.fischer0691@example.com,Key Accounts,P674219,B674-004,Brasil Accounts Group,Brazil,Sales Manager,2024-07-16
U0692,Leo Muller 0692,leo.muller0692@example.com,Key Accounts,P674219,B674-004,Brasil Accounts Group,Brazil,Technician,2025-08-17
U0693,Alma Turner 0693,alma.turner0693@example.com,Key Accounts,P674219,B674-004,Brasil Accounts Group,Brazil,Trainer,2026-09-18
U0694,Felix Berg 0694,felix.berg0694@example.com,Key Accounts,P674219,B674-004,Brasil Accounts Group,Brazil,Coordinator,2024-10-19
U0695,Clara Ivanov 0695,clara.ivanov0695@example.com,Key Accounts,P674219,B674-004,Brasil Accounts Group,Brazil,Analyst,2025-11-20
U0696,Milo Patel 0696,milo.patel0696@example.com,Key Accounts,P674219,B674-004,Brasil Accounts Group,Brazil,Support Specialist,2026-12-21
U0697,Freja Wang 0697,freja.wang0697@example.com,Key Accounts,P674219,B674-004,Brasil Accounts Group,Brazil,Sales Manager,2024-01-22
U0698,Elias Eriksson 0698,elias.eriksson0698@example.com,Key Accounts,P674219,B674-004,Brasil Accounts Group,Brazil,Technician,2025-02-23
U0699,Lina Larsen 0699,lina.larsen0699@example.com,Key Accounts,P674219,B674-004,Brasil Accounts Group,Brazil,Trainer,2026-03-24
U0700,Theo Silva 0700,theo.silva0700@example.com,Key Accounts,P674219,B674-004,Brasil Accounts Group,Brazil,Coordinator,2024-04-25
U0701,Ava Andersson 0701,ava.andersson0701@example.com,Field Service,P247806,B247-004,Baltic Field Services,Estonia,Analyst,2025-05-26
U0702,Liam Holm 0702,liam.holm0702@example.com,Field Service,P247806,B247-004,Baltic Field Services,Estonia,Support Specialist,2026-06-27
U0703,Mia Olsen 0703,mia.olsen0703@example.com,Field Service,P247806,B247-004,Baltic Field Services,Estonia,Sales Manager,2024-07-01
U0704,Noah Vega 0704,noah.vega0704@example.com,Field Service,P247806,B247-004,Baltic Field Services,Estonia,Technician,2025-08-02
U0705,Emma Dahl 0705,emma.dahl0705@example.com,Field Service,P247806,B247-004,Baltic Field Services,Estonia,Trainer,2026-09-03
U0706,Oscar Kim 0706,oscar.kim0706@example.com,Field Service,P247806,B247-004,Baltic Field Services,Estonia,Coordinator,2024-10-04
U0707,Sofia Rossi 0707,sofia.rossi0707@example.com,Field Service,P247806,B247-004,Baltic Field Services,Estonia,Analyst,2025-11-05
U0708,Lucas Zimmer 0708,lucas.zimmer0708@example.com,Field Service,P247806,B247-004,Baltic Field Services,Estonia,Support Specialist,2026-12-06
U0709,Ella Garcia 0709,ella.garcia0709@example.com,Field Service,P247806,B247-004,Baltic Field Services,Estonia,Sales Manager,2024-01-07
U0710,Hugo Nordin 0710,hugo.nordin0710@example.com,Field Service,P247806,B247-004,Baltic Field Services,Estonia,Technician,2025-02-08
U0711,Nora Usman 0711,nora.usman0711@example.com,Regional Sales,P803162,B803-004,Maple Heavy Equipment,Canada,Trainer,2026-03-09
U0712,Leo Carter 0712,leo.carter0712@example.com,Regional Sales,P803162,B803-004,Maple Heavy Equipment,Canada,Coordinator,2024-04-10
U0713,Alma Johansson 0713,alma.johansson0713@example.com,Regional Sales,P803162,B803-004,Maple Heavy Equipment,Canada,Analyst,2025-05-11
U0714,Felix Quinn 0714,felix.quinn0714@example.com,Regional Sales,P803162,B803-004,Maple Heavy Equipment,Canada,Support Specialist,2026-06-12
U0715,Clara Young 0715,clara.young0715@example.com,Regional Sales,P803162,B803-004,Maple Heavy Equipment,Canada,Sales Manager,2024-07-13
U0716,Milo Fischer 0716,milo.fischer0716@example.com,Regional Sales,P803162,B803-004,Maple Heavy Equipment,Canada,Technician,2025-08-14
U0717,Freja Muller 0717,freja.muller0717@example.com,Regional Sales,P803162,B803-004,Maple Heavy Equipment,Canada,Trainer,2026-09-15
U0718,Elias Turner 0718,elias.turner0718@example.com,Regional Sales,P803162,B803-004,Maple Heavy Equipment,Canada,Coordinator,2024-10-16
U0719,Lina Berg 0719,lina.berg0719@example.com,Regional Sales,P803162,B803-004,Maple Heavy Equipment,Canada,Analyst,2025-11-17
U0720,Theo Ivanov 0720,theo.ivanov0720@example.com,Regional Sales,P803162,B803-004,Maple Heavy Equipment,Canada,Support Specialist,2026-12-18
U0721,Ava Patel 0721,ava.patel0721@example.com,Site Support,P469350,B469-004,Pacific Site Solutions,Australia,Sales Manager,2024-01-19
U0722,Liam Wang 0722,liam.wang0722@example.com,Site Support,P469350,B469-004,Pacific Site Solutions,Australia,Technician,2025-02-20
U0723,Mia Eriksson 0723,mia.eriksson0723@example.com,Site Support,P469350,B469-004,Pacific Site Solutions,Australia,Trainer,2026-03-21
U0724,Noah Larsen 0724,noah.larsen0724@example.com,Site Support,P469350,B469-004,Pacific Site Solutions,Australia,Coordinator,2024-04-22
U0725,Emma Silva 0725,emma.silva0725@example.com,Site Support,P469350,B469-004,Pacific Site Solutions,Australia,Analyst,2025-05-23
U0726,Oscar Andersson 0726,oscar.andersson0726@example.com,Site Support,P469350,B469-004,Pacific Site Solutions,Australia,Support Specialist,2026-06-24
U0727,Sofia Holm 0727,sofia.holm0727@example.com,Site Support,P469350,B469-004,Pacific Site Solutions,Australia,Sales Manager,2024-07-25
U0728,Lucas Olsen 0728,lucas.olsen0728@example.com,Site Support,P469350,B469-004,Pacific Site Solutions,Australia,Technician,2025-08-26
U0729,Ella Vega 0729,ella.vega0729@example.com,Site Support,P469350,B469-004,Pacific Site Solutions,Australia,Trainer,2026-09-27
U0730,Hugo Dahl 0730,hugo.dahl0730@example.com,Site Support,P469350,B469-004,Pacific Site Solutions,Australia,Coordinator,2024-10-01
U0731,Nora Kim 0731,nora.kim0731@example.com,Dealer Development,P582941,B582-004,Andes Construction Partners,Chile,Analyst,2025-11-02
U0732,Leo Rossi 0732,leo.rossi0732@example.com,Dealer Development,P582941,B582-004,Andes Construction Partners,Chile,Support Specialist,2026-12-03
U0733,Alma Zimmer 0733,alma.zimmer0733@example.com,Dealer Development,P582941,B582-004,Andes Construction Partners,Chile,Sales Manager,2024-01-04
U0734,Felix Garcia 0734,felix.garcia0734@example.com,Dealer Development,P582941,B582-004,Andes Construction Partners,Chile,Technician,2025-02-05
U0735,Clara Nordin 0735,clara.nordin0735@example.com,Dealer Development,P582941,B582-004,Andes Construction Partners,Chile,Trainer,2026-03-06
U0736,Milo Usman 0736,milo.usman0736@example.com,Dealer Development,P582941,B582-004,Andes Construction Partners,Chile,Coordinator,2024-04-07
U0737,Freja Carter 0737,freja.carter0737@example.com,Dealer Development,P582941,B582-004,Andes Construction Partners,Chile,Analyst,2025-05-08
U0738,Elias Johansson 0738,elias.johansson0738@example.com,Dealer Development,P582941,B582-004,Andes Construction Partners,Chile,Support Specialist,2026-06-09
U0739,Lina Quinn 0739,lina.quinn0739@example.com,Dealer Development,P582941,B582-004,Andes Construction Partners,Chile,Sales Manager,2024-07-10
U0740,Theo Young 0740,theo.young0740@example.com,Dealer Development,P582941,B582-004,Andes Construction Partners,Chile,Technician,2025-08-11
U0741,Ava Fischer 0741,ava.fischer0741@example.com,Product Support,P390526,B390-004,Sakura Machine Works,Japan,Trainer,2026-09-12
U0742,Liam Muller 0742,liam.muller0742@example.com,Product Support,P390526,B390-004,Sakura Machine Works,Japan,Coordinator,2024-10-13
U0743,Mia Turner 0743,mia.turner0743@example.com,Product Support,P390526,B390-004,Sakura Machine Works,Japan,Analyst,2025-11-14
U0744,Noah Berg 0744,noah.berg0744@example.com,Product Support,P390526,B390-004,Sakura Machine Works,Japan,Support Specialist,2026-12-15
U0745,Emma Ivanov 0745,emma.ivanov0745@example.com,Product Support,P390526,B390-004,Sakura Machine Works,Japan,Sales Manager,2024-01-16
U0746,Oscar Patel 0746,oscar.patel0746@example.com,Product Support,P390526,B390-004,Sakura Machine Works,Japan,Technician,2025-02-17
U0747,Sofia Wang 0747,sofia.wang0747@example.com,Product Support,P390526,B390-004,Sakura Machine Works,Japan,Trainer,2026-03-18
U0748,Lucas Eriksson 0748,lucas.eriksson0748@example.com,Product Support,P390526,B390-004,Sakura Machine Works,Japan,Coordinator,2024-04-19
U0749,Ella Larsen 0749,ella.larsen0749@example.com,Product Support,P390526,B390-004,Sakura Machine Works,Japan,Analyst,2025-05-20
U0750,Hugo Silva 0750,hugo.silva0750@example.com,Product Support,P390526,B390-004,Sakura Machine Works,Japan,Support Specialist,2026-06-21
U0751,Nora Andersson 0751,nora.andersson0751@example.com,Mining Accounts,P718634,B718-004,Atlas Earthmoving,South Africa,Sales Manager,2024-07-22
U0752,Leo Holm 0752,leo.holm0752@example.com,Mining Accounts,P718634,B718-004,Atlas Earthmoving,South Africa,Technician,2025-08-23
U0753,Alma Olsen 0753,alma.olsen0753@example.com,Mining Accounts,P718634,B718-004,Atlas Earthmoving,South Africa,Trainer,2026-09-24
U0754,Felix Vega 0754,felix.vega0754@example.com,Mining Accounts,P718634,B718-004,Atlas Earthmoving,South Africa,Coordinator,2024-10-25
U0755,Clara Dahl 0755,clara.dahl0755@example.com,Mining Accounts,P718634,B718-004,Atlas Earthmoving,South Africa,Analyst,2025-11-26
U0756,Milo Kim 0756,milo.kim0756@example.com,Mining Accounts,P718634,B718-004,Atlas Earthmoving,South Africa,Support Specialist,2026-12-27
U0757,Freja Rossi 0757,freja.rossi0757@example.com,Mining Accounts,P718634,B718-004,Atlas Earthmoving,South Africa,Sales Manager,2024-01-01
U0758,Elias Zimmer 0758,elias.zimmer0758@example.com,Mining Accounts,P718634,B718-004,Atlas Earthmoving,South Africa,Technician,2025-02-02
U0759,Lina Garcia 0759,lina.garcia0759@example.com,Mining Accounts,P718634,B718-004,Atlas Earthmoving,South Africa,Trainer,2026-03-03
U0760,Theo Nordin 0760,theo.nordin0760@example.com,Mining Accounts,P718634,B718-004,Atlas Earthmoving,South Africa,Coordinator,2024-04-04
U0761,Ava Usman 0761,ava.usman0761@example.com,Sales East,P235497,B235-004,Vistula Equipment,Poland,Analyst,2025-05-05
U0762,Liam Carter 0762,liam.carter0762@example.com,Sales East,P235497,B235-004,Vistula Equipment,Poland,Support Specialist,2026-06-06
U0763,Mia Johansson 0763,mia.johansson0763@example.com,Sales East,P235497,B235-004,Vistula Equipment,Poland,Sales Manager,2024-07-07
U0764,Noah Quinn 0764,noah.quinn0764@example.com,Sales East,P235497,B235-004,Vistula Equipment,Poland,Technician,2025-08-08
U0765,Emma Young 0765,emma.young0765@example.com,Sales East,P235497,B235-004,Vistula Equipment,Poland,Trainer,2026-09-09
U0766,Oscar Fischer 0766,oscar.fischer0766@example.com,Sales East,P235497,B235-004,Vistula Equipment,Poland,Coordinator,2024-10-10
U0767,Sofia Muller 0767,sofia.muller0767@example.com,Sales East,P235497,B235-004,Vistula Equipment,Poland,Analyst,2025-11-11
U0768,Lucas Turner 0768,lucas.turner0768@example.com,Sales East,P235497,B235-004,Vistula Equipment,Poland,Support Specialist,2026-12-12
U0769,Ella Berg 0769,ella.berg0769@example.com,Sales East,P235497,B235-004,Vistula Equipment,Poland,Sales Manager,2024-01-13
U0770,Hugo Ivanov 0770,hugo.ivanov0770@example.com,Sales East,P235497,B235-004,Vistula Equipment,Poland,Technician,2025-02-14
U0771,Nora Patel 0771,nora.patel0771@example.com,Rental,P849205,B849-004,Douro Plant Hire,Portugal,Trainer,2026-03-15
U0772,Leo Wang 0772,leo.wang0772@example.com,Rental,P849205,B849-004,Douro Plant Hire,Portugal,Coordinator,2024-04-16
U0773,Alma Eriksson 0773,alma.eriksson0773@example.com,Rental,P849205,B849-004,Douro Plant Hire,Portugal,Analyst,2025-05-17
U0774,Felix Larsen 0774,felix.larsen0774@example.com,Rental,P849205,B849-004,Douro Plant Hire,Portugal,Support Specialist,2026-06-18
U0775,Clara Silva 0775,clara.silva0775@example.com,Rental,P849205,B849-004,Douro Plant Hire,Portugal,Sales Manager,2024-07-19
U0776,Milo Andersson 0776,milo.andersson0776@example.com,Rental,P849205,B849-004,Douro Plant Hire,Portugal,Technician,2025-08-20
U0777,Freja Holm 0777,freja.holm0777@example.com,Rental,P849205,B849-004,Douro Plant Hire,Portugal,Trainer,2026-09-21
U0778,Elias Olsen 0778,elias.olsen0778@example.com,Rental,P849205,B849-004,Douro Plant Hire,Portugal,Coordinator,2024-10-22
U0779,Lina Vega 0779,lina.vega0779@example.com,Rental,P849205,B849-004,Douro Plant Hire,Portugal,Analyst,2025-11-23
U0780,Theo Dahl 0780,theo.dahl0780@example.com,Rental,P849205,B849-004,Douro Plant Hire,Portugal,Support Specialist,2026-12-24
U0781,Ava Kim 0781,ava.kim0781@example.com,Dealer Support,P604738,B604-004,Anatolia Dealer Services,Turkey,Sales Manager,2024-01-25
U0782,Liam Rossi 0782,liam.rossi0782@example.com,Dealer Support,P604738,B604-004,Anatolia Dealer Services,Turkey,Technician,2025-02-26
U0783,Mia Zimmer 0783,mia.zimmer0783@example.com,Dealer Support,P604738,B604-004,Anatolia Dealer Services,Turkey,Trainer,2026-03-27
U0784,Noah Garcia 0784,noah.garcia0784@example.com,Dealer Support,P604738,B604-004,Anatolia Dealer Services,Turkey,Coordinator,2024-04-01
U0785,Emma Nordin 0785,emma.nordin0785@example.com,Dealer Support,P604738,B604-004,Anatolia Dealer Services,Turkey,Analyst,2025-05-02
U0786,Oscar Usman 0786,oscar.usman0786@example.com,Dealer Support,P604738,B604-004,Anatolia Dealer Services,Turkey,Support Specialist,2026-06-03
U0787,Sofia Carter 0787,sofia.carter0787@example.com,Dealer Support,P604738,B604-004,Anatolia Dealer Services,Turkey,Sales Manager,2024-07-04
U0788,Lucas Johansson 0788,lucas.johansson0788@example.com,Dealer Support,P604738,B604-004,Anatolia Dealer Services,Turkey,Technician,2025-08-05
U0789,Ella Quinn 0789,ella.quinn0789@example.com,Dealer Support,P604738,B604-004,Anatolia Dealer Services,Turkey,Trainer,2026-09-06
U0790,Hugo Young 0790,hugo.young0790@example.com,Dealer Support,P604738,B604-004,Anatolia Dealer Services,Turkey,Coordinator,2024-10-07
U0791,Nora Fischer 0791,nora.fischer0791@example.com,Key Accounts,P976051,B976-004,Han River Machinery,South Korea,Analyst,2025-11-08
U0792,Leo Muller 0792,leo.muller0792@example.com,Key Accounts,P976051,B976-004,Han River Machinery,South Korea,Support Specialist,2026-12-09
U0793,Alma Turner 0793,alma.turner0793@example.com,Key Accounts,P976051,B976-004,Han River Machinery,South Korea,Sales Manager,2024-01-10
U0794,Felix Berg 0794,felix.berg0794@example.com,Key Accounts,P976051,B976-004,Han River Machinery,South Korea,Technician,2025-02-11
U0795,Clara Ivanov 0795,clara.ivanov0795@example.com,Key Accounts,P976051,B976-004,Han River Machinery,South Korea,Trainer,2026-03-12
U0796,Milo Patel 0796,milo.patel0796@example.com,Key Accounts,P976051,B976-004,Han River Machinery,South Korea,Coordinator,2024-04-13
U0797,Freja Wang 0797,freja.wang0797@example.com,Key Accounts,P976051,B976-004,Han River Machinery,South Korea,Analyst,2025-05-14
U0798,Elias Eriksson 0798,elias.eriksson0798@example.com,Key Accounts,P976051,B976-004,Han River Machinery,South Korea,Support Specialist,2026-06-15
U0799,Lina Larsen 0799,lina.larsen0799@example.com,Key Accounts,P976051,B976-004,Han River Machinery,South Korea,Sales Manager,2024-07-16
U0800,Theo Silva 0800,theo.silva0800@example.com,Key Accounts,P976051,B976-004,Han River Machinery,South Korea,Technician,2025-08-17
U0801,Ava Andersson 0801,ava.andersson0801@example.com,Sales North,P731204,B731-005,Nordic Equipment Group,Sweden,Trainer,2026-09-18
U0802,Liam Holm 0802,liam.holm0802@example.com,Sales North,P731204,B731-005,Nordic Equipment Group,Sweden,Coordinator,2024-10-19
U0803,Mia Olsen 0803,mia.olsen0803@example.com,Sales North,P731204,B731-005,Nordic Equipment Group,Sweden,Analyst,2025-11-20
U0804,Noah Vega 0804,noah.vega0804@example.com,Sales North,P731204,B731-005,Nordic Equipment Group,Sweden,Support Specialist,2026-12-21
U0805,Emma Dahl 0805,emma.dahl0805@example.com,Sales North,P731204,B731-005,Nordic Equipment Group,Sweden,Sales Manager,2024-01-22
U0806,Oscar Kim 0806,oscar.kim0806@example.com,Sales North,P731204,B731-005,Nordic Equipment Group,Sweden,Technician,2025-02-23
U0807,Sofia Rossi 0807,sofia.rossi0807@example.com,Sales North,P731204,B731-005,Nordic Equipment Group,Sweden,Trainer,2026-03-24
U0808,Lucas Zimmer 0808,lucas.zimmer0808@example.com,Sales North,P731204,B731-005,Nordic Equipment Group,Sweden,Coordinator,2024-04-25
U0809,Ella Garcia 0809,ella.garcia0809@example.com,Sales North,P731204,B731-005,Nordic Equipment Group,Sweden,Analyst,2025-05-26
U0810,Hugo Nordin 0810,hugo.nordin0810@example.com,Sales North,P731204,B731-005,Nordic Equipment Group,Sweden,Support Specialist,2026-06-27
U0811,Nora Usman 0811,nora.usman0811@example.com,Sales West,P184920,B184-005,Fjord Machines Group,Norway,Sales Manager,2024-07-01
U0812,Leo Carter 0812,leo.carter0812@example.com,Sales West,P184920,B184-005,Fjord Machines Group,Norway,Technician,2025-08-02
U0813,Alma Johansson 0813,alma.johansson0813@example.com,Sales West,P184920,B184-005,Fjord Machines Group,Norway,Trainer,2026-09-03
U0814,Felix Quinn 0814,felix.quinn0814@example.com,Sales West,P184920,B184-005,Fjord Machines Group,Norway,Coordinator,2024-10-04
U0815,Clara Young 0815,clara.young0815@example.com,Sales West,P184920,B184-005,Fjord Machines Group,Norway,Analyst,2025-11-05
U0816,Milo Fischer 0816,milo.fischer0816@example.com,Sales West,P184920,B184-005,Fjord Machines Group,Norway,Support Specialist,2026-12-06
U0817,Freja Muller 0817,freja.muller0817@example.com,Sales West,P184920,B184-005,Fjord Machines Group,Norway,Sales Manager,2024-01-07
U0818,Elias Turner 0818,elias.turner0818@example.com,Sales West,P184920,B184-005,Fjord Machines Group,Norway,Technician,2025-02-08
U0819,Lina Berg 0819,lina.berg0819@example.com,Sales West,P184920,B184-005,Fjord Machines Group,Norway,Trainer,2026-03-09
U0820,Theo Ivanov 0820,theo.ivanov0820@example.com,Sales West,P184920,B184-005,Fjord Machines Group,Norway,Coordinator,2024-04-10
U0821,Ava Patel 0821,ava.patel0821@example.com,Sales Central,P642118,B642-005,Bau Technik Holdings,Germany,Analyst,2025-05-11
U0822,Liam Wang 0822,liam.wang0822@example.com,Sales Central,P642118,B642-005,Bau Technik Holdings,Germany,Support Specialist,2026-06-12
U0823,Mia Eriksson 0823,mia.eriksson0823@example.com,Sales Central,P642118,B642-005,Bau Technik Holdings,Germany,Sales Manager,2024-07-13
U0824,Noah Larsen 0824,noah.larsen0824@example.com,Sales Central,P642118,B642-005,Bau Technik Holdings,Germany,Technician,2025-08-14
U0825,Emma Silva 0825,emma.silva0825@example.com,Sales Central,P642118,B642-005,Bau Technik Holdings,Germany,Trainer,2026-09-15
U0826,Oscar Andersson 0826,oscar.andersson0826@example.com,Sales Central,P642118,B642-005,Bau Technik Holdings,Germany,Coordinator,2024-10-16
U0827,Sofia Holm 0827,sofia.holm0827@example.com,Sales Central,P642118,B642-005,Bau Technik Holdings,Germany,Analyst,2025-11-17
U0828,Lucas Olsen 0828,lucas.olsen0828@example.com,Sales Central,P642118,B642-005,Bau Technik Holdings,Germany,Support Specialist,2026-12-18
U0829,Ella Vega 0829,ella.vega0829@example.com,Sales Central,P642118,B642-005,Bau Technik Holdings,Germany,Sales Manager,2024-01-19
U0830,Hugo Dahl 0830,hugo.dahl0830@example.com,Sales Central,P642118,B642-005,Bau Technik Holdings,Germany,Technician,2025-02-20
U0831,Nora Kim 0831,nora.kim0831@example.com,Aftermarket,P295731,B295-005,Pieces Service Group,France,Trainer,2026-03-21
U0832,Leo Rossi 0832,leo.rossi0832@example.com,Aftermarket,P295731,B295-005,Pieces Service Group,France,Coordinator,2024-04-22
U0833,Alma Zimmer 0833,alma.zimmer0833@example.com,Aftermarket,P295731,B295-005,Pieces Service Group,France,Analyst,2025-05-23
U0834,Felix Garcia 0834,felix.garcia0834@example.com,Aftermarket,P295731,B295-005,Pieces Service Group,France,Support Specialist,2026-06-24
U0835,Clara Nordin 0835,clara.nordin0835@example.com,Aftermarket,P295731,B295-005,Pieces Service Group,France,Sales Manager,2024-07-25
U0836,Milo Usman 0836,milo.usman0836@example.com,Aftermarket,P295731,B295-005,Pieces Service Group,France,Technician,2025-08-26
U0837,Freja Carter 0837,freja.carter0837@example.com,Aftermarket,P295731,B295-005,Pieces Service Group,France,Trainer,2026-09-27
U0838,Elias Johansson 0838,elias.johansson0838@example.com,Aftermarket,P295731,B295-005,Pieces Service Group,France,Coordinator,2024-10-01
U0839,Lina Quinn 0839,lina.quinn0839@example.com,Aftermarket,P295731,B295-005,Pieces Service Group,France,Analyst,2025-11-02
U0840,Theo Young 0840,theo.young0840@example.com,Aftermarket,P295731,B295-005,Pieces Service Group,France,Support Specialist,2026-12-03
U0841,Ava Fischer 0841,ava.fischer0841@example.com,Rental,P807443,B807-005,Great Lakes Rental,United States,Sales Manager,2024-01-04
U0842,Liam Muller 0842,liam.muller0842@example.com,Rental,P807443,B807-005,Great Lakes Rental,United States,Technician,2025-02-05
U0843,Mia Turner 0843,mia.turner0843@example.com,Rental,P807443,B807-005,Great Lakes Rental,United States,Trainer,2026-03-06
U0844,Noah Berg 0844,noah.berg0844@example.com,Rental,P807443,B807-005,Great Lakes Rental,United States,Coordinator,2024-04-07
U0845,Emma Ivanov 0845,emma.ivanov0845@example.com,Rental,P807443,B807-005,Great Lakes Rental,United States,Analyst,2025-05-08
U0846,Oscar Patel 0846,oscar.patel0846@example.com,Rental,P807443,B807-005,Great Lakes Rental,United States,Support Specialist,2026-06-09
U0847,Sofia Wang 0847,sofia.wang0847@example.com,Rental,P807443,B807-005,Great Lakes Rental,United States,Sales Manager,2024-07-10
U0848,Lucas Eriksson 0848,lucas.eriksson0848@example.com,Rental,P807443,B807-005,Great Lakes Rental,United States,Technician,2025-08-11
U0849,Ella Larsen 0849,ella.larsen0849@example.com,Rental,P807443,B807-005,Great Lakes Rental,United States,Trainer,2026-09-12
U0850,Hugo Silva 0850,hugo.silva0850@example.com,Rental,P807443,B807-005,Great Lakes Rental,United States,Coordinator,2024-10-13
U0851,Nora Andersson 0851,nora.andersson0851@example.com,Training,P516082,B516-005,Britannia Plant Services,United Kingdom,Analyst,2025-11-14
U0852,Leo Holm 0852,leo.holm0852@example.com,Training,P516082,B516-005,Britannia Plant Services,United Kingdom,Support Specialist,2026-12-15
U0853,Alma Olsen 0853,alma.olsen0853@example.com,Training,P516082,B516-005,Britannia Plant Services,United Kingdom,Sales Manager,2024-01-16
U0854,Felix Vega 0854,felix.vega0854@example.com,Training,P516082,B516-005,Britannia Plant Services,United Kingdom,Technician,2025-02-17
U0855,Clara Dahl 0855,clara.dahl0855@example.com,Training,P516082,B516-005,Britannia Plant Services,United Kingdom,Trainer,2026-03-18
U0856,Milo Kim 0856,milo.kim0856@example.com,Training,P516082,B516-005,Britannia Plant Services,United Kingdom,Coordinator,2024-04-19
U0857,Freja Rossi 0857,freja.rossi0857@example.com,Training,P516082,B516-005,Britannia Plant Services,United Kingdom,Analyst,2025-05-20
U0858,Elias Zimmer 0858,elias.zimmer0858@example.com,Training,P516082,B516-005,Britannia Plant Services,United Kingdom,Support Specialist,2026-06-21
U0859,Lina Garcia 0859,lina.garcia0859@example.com,Training,P516082,B516-005,Britannia Plant Services,United Kingdom,Sales Manager,2024-07-22
U0860,Theo Nordin 0860,theo.nordin0860@example.com,Training,P516082,B516-005,Britannia Plant Services,United Kingdom,Technician,2025-08-23
U0861,Ava Usman 0861,ava.usman0861@example.com,Digital Services,P409675,B409-005,Delta Connected Services,Netherlands,Trainer,2026-09-24
U0862,Liam Carter 0862,liam.carter0862@example.com,Digital Services,P409675,B409-005,Delta Connected Services,Netherlands,Coordinator,2024-10-25
U0863,Mia Johansson 0863,mia.johansson0863@example.com,Digital Services,P409675,B409-005,Delta Connected Services,Netherlands,Analyst,2025-11-26
U0864,Noah Quinn 0864,noah.quinn0864@example.com,Digital Services,P409675,B409-005,Delta Connected Services,Netherlands,Support Specialist,2026-12-27
U0865,Emma Young 0865,emma.young0865@example.com,Digital Services,P409675,B409-005,Delta Connected Services,Netherlands,Sales Manager,2024-01-01
U0866,Oscar Fischer 0866,oscar.fischer0866@example.com,Digital Services,P409675,B409-005,Delta Connected Services,Netherlands,Technician,2025-02-02
U0867,Sofia Muller 0867,sofia.muller0867@example.com,Digital Services,P409675,B409-005,Delta Connected Services,Netherlands,Trainer,2026-03-03
U0868,Lucas Turner 0868,lucas.turner0868@example.com,Digital Services,P409675,B409-005,Delta Connected Services,Netherlands,Coordinator,2024-04-04
U0869,Ella Berg 0869,ella.berg0869@example.com,Digital Services,P409675,B409-005,Delta Connected Services,Netherlands,Analyst,2025-05-05
U0870,Hugo Ivanov 0870,hugo.ivanov0870@example.com,Digital Services,P409675,B409-005,Delta Connected Services,Netherlands,Support Specialist,2026-06-06
U0871,Nora Patel 0871,nora.patel0871@example.com,Dealer Support,P920114,B920-005,Iberia Dealer Network,Spain,Sales Manager,2024-07-07
U0872,Leo Wang 0872,leo.wang0872@example.com,Dealer Support,P920114,B920-005,Iberia Dealer Network,Spain,Technician,2025-08-08
U0873,Alma Eriksson 0873,alma.eriksson0873@example.com,Dealer Support,P920114,B920-005,Iberia Dealer Network,Spain,Trainer,2026-09-09
U0874,Felix Larsen 0874,felix.larsen0874@example.com,Dealer Support,P920114,B920-005,Iberia Dealer Network,Spain,Coordinator,2024-10-10
U0875,Clara Silva 0875,clara.silva0875@example.com,Dealer Support,P920114,B920-005,Iberia Dealer Network,Spain,Analyst,2025-11-11
U0876,Milo Andersson 0876,milo.andersson0876@example.com,Dealer Support,P920114,B920-005,Iberia Dealer Network,Spain,Support Specialist,2026-12-12
U0877,Freja Holm 0877,freja.holm0877@example.com,Dealer Support,P920114,B920-005,Iberia Dealer Network,Spain,Sales Manager,2024-01-13
U0878,Elias Olsen 0878,elias.olsen0878@example.com,Dealer Support,P920114,B920-005,Iberia Dealer Network,Spain,Technician,2025-02-14
U0879,Lina Vega 0879,lina.vega0879@example.com,Dealer Support,P920114,B920-005,Iberia Dealer Network,Spain,Trainer,2026-03-15
U0880,Theo Dahl 0880,theo.dahl0880@example.com,Dealer Support,P920114,B920-005,Iberia Dealer Network,Spain,Coordinator,2024-04-16
U0881,Ava Kim 0881,ava.kim0881@example.com,Product Support,P358706,B358-005,Alpina Support Group,Italy,Analyst,2025-05-17
U0882,Liam Rossi 0882,liam.rossi0882@example.com,Product Support,P358706,B358-005,Alpina Support Group,Italy,Support Specialist,2026-06-18
U0883,Mia Zimmer 0883,mia.zimmer0883@example.com,Product Support,P358706,B358-005,Alpina Support Group,Italy,Sales Manager,2024-07-19
U0884,Noah Garcia 0884,noah.garcia0884@example.com,Product Support,P358706,B358-005,Alpina Support Group,Italy,Technician,2025-08-20
U0885,Emma Nordin 0885,emma.nordin0885@example.com,Product Support,P358706,B358-005,Alpina Support Group,Italy,Trainer,2026-09-21
U0886,Oscar Usman 0886,oscar.usman0886@example.com,Product Support,P358706,B358-005,Alpina Support Group,Italy,Coordinator,2024-10-22
U0887,Sofia Carter 0887,sofia.carter0887@example.com,Product Support,P358706,B358-005,Alpina Support Group,Italy,Analyst,2025-11-23
U0888,Lucas Johansson 0888,lucas.johansson0888@example.com,Product Support,P358706,B358-005,Alpina Support Group,Italy,Support Specialist,2026-12-24
U0889,Ella Quinn 0889,ella.quinn0889@example.com,Product Support,P358706,B358-005,Alpina Support Group,Italy,Sales Manager,2024-01-25
U0890,Hugo Young 0890,hugo.young0890@example.com,Product Support,P358706,B358-005,Alpina Support Group,Italy,Technician,2025-02-26
U0891,Nora Fischer 0891,nora.fischer0891@example.com,Key Accounts,P674219,B674-005,Brasil Accounts Group,Brazil,Trainer,2026-03-27
U0892,Leo Muller 0892,leo.muller0892@example.com,Key Accounts,P674219,B674-005,Brasil Accounts Group,Brazil,Coordinator,2024-04-01
U0893,Alma Turner 0893,alma.turner0893@example.com,Key Accounts,P674219,B674-005,Brasil Accounts Group,Brazil,Analyst,2025-05-02
U0894,Felix Berg 0894,felix.berg0894@example.com,Key Accounts,P674219,B674-005,Brasil Accounts Group,Brazil,Support Specialist,2026-06-03
U0895,Clara Ivanov 0895,clara.ivanov0895@example.com,Key Accounts,P674219,B674-005,Brasil Accounts Group,Brazil,Sales Manager,2024-07-04
U0896,Milo Patel 0896,milo.patel0896@example.com,Key Accounts,P674219,B674-005,Brasil Accounts Group,Brazil,Technician,2025-08-05
U0897,Freja Wang 0897,freja.wang0897@example.com,Key Accounts,P674219,B674-005,Brasil Accounts Group,Brazil,Trainer,2026-09-06
U0898,Elias Eriksson 0898,elias.eriksson0898@example.com,Key Accounts,P674219,B674-005,Brasil Accounts Group,Brazil,Coordinator,2024-10-07
U0899,Lina Larsen 0899,lina.larsen0899@example.com,Key Accounts,P674219,B674-005,Brasil Accounts Group,Brazil,Analyst,2025-11-08
U0900,Theo Silva 0900,theo.silva0900@example.com,Key Accounts,P674219,B674-005,Brasil Accounts Group,Brazil,Support Specialist,2026-12-09
U0901,Ava Andersson 0901,ava.andersson0901@example.com,Field Service,P247806,B247-005,Baltic Field Services,Estonia,Sales Manager,2024-01-10
U0902,Liam Holm 0902,liam.holm0902@example.com,Field Service,P247806,B247-005,Baltic Field Services,Estonia,Technician,2025-02-11
U0903,Mia Olsen 0903,mia.olsen0903@example.com,Field Service,P247806,B247-005,Baltic Field Services,Estonia,Trainer,2026-03-12
U0904,Noah Vega 0904,noah.vega0904@example.com,Field Service,P247806,B247-005,Baltic Field Services,Estonia,Coordinator,2024-04-13
U0905,Emma Dahl 0905,emma.dahl0905@example.com,Field Service,P247806,B247-005,Baltic Field Services,Estonia,Analyst,2025-05-14
U0906,Oscar Kim 0906,oscar.kim0906@example.com,Field Service,P247806,B247-005,Baltic Field Services,Estonia,Support Specialist,2026-06-15
U0907,Sofia Rossi 0907,sofia.rossi0907@example.com,Field Service,P247806,B247-005,Baltic Field Services,Estonia,Sales Manager,2024-07-16
U0908,Lucas Zimmer 0908,lucas.zimmer0908@example.com,Field Service,P247806,B247-005,Baltic Field Services,Estonia,Technician,2025-08-17
U0909,Ella Garcia 0909,ella.garcia0909@example.com,Field Service,P247806,B247-005,Baltic Field Services,Estonia,Trainer,2026-09-18
U0910,Hugo Nordin 0910,hugo.nordin0910@example.com,Field Service,P247806,B247-005,Baltic Field Services,Estonia,Coordinator,2024-10-19
U0911,Nora Usman 0911,nora.usman0911@example.com,Regional Sales,P803162,B803-005,Maple Heavy Equipment,Canada,Analyst,2025-11-20
U0912,Leo Carter 0912,leo.carter0912@example.com,Regional Sales,P803162,B803-005,Maple Heavy Equipment,Canada,Support Specialist,2026-12-21
U0913,Alma Johansson 0913,alma.johansson0913@example.com,Regional Sales,P803162,B803-005,Maple Heavy Equipment,Canada,Sales Manager,2024-01-22
U0914,Felix Quinn 0914,felix.quinn0914@example.com,Regional Sales,P803162,B803-005,Maple Heavy Equipment,Canada,Technician,2025-02-23
U0915,Clara Young 0915,clara.young0915@example.com,Regional Sales,P803162,B803-005,Maple Heavy Equipment,Canada,Trainer,2026-03-24
U0916,Milo Fischer 0916,milo.fischer0916@example.com,Regional Sales,P803162,B803-005,Maple Heavy Equipment,Canada,Coordinator,2024-04-25
U0917,Freja Muller 0917,freja.muller0917@example.com,Regional Sales,P803162,B803-005,Maple Heavy Equipment,Canada,Analyst,2025-05-26
U0918,Elias Turner 0918,elias.turner0918@example.com,Regional Sales,P803162,B803-005,Maple Heavy Equipment,Canada,Support Specialist,2026-06-27
U0919,Lina Berg 0919,lina.berg0919@example.com,Regional Sales,P803162,B803-005,Maple Heavy Equipment,Canada,Sales Manager,2024-07-01
U0920,Theo Ivanov 0920,theo.ivanov0920@example.com,Regional Sales,P803162,B803-005,Maple Heavy Equipment,Canada,Technician,2025-08-02
U0921,Ava Patel 0921,ava.patel0921@example.com,Site Support,P469350,B469-005,Pacific Site Solutions,Australia,Trainer,2026-09-03
U0922,Liam Wang 0922,liam.wang0922@example.com,Site Support,P469350,B469-005,Pacific Site Solutions,Australia,Coordinator,2024-10-04
U0923,Mia Eriksson 0923,mia.eriksson0923@example.com,Site Support,P469350,B469-005,Pacific Site Solutions,Australia,Analyst,2025-11-05
U0924,Noah Larsen 0924,noah.larsen0924@example.com,Site Support,P469350,B469-005,Pacific Site Solutions,Australia,Support Specialist,2026-12-06
U0925,Emma Silva 0925,emma.silva0925@example.com,Site Support,P469350,B469-005,Pacific Site Solutions,Australia,Sales Manager,2024-01-07
U0926,Oscar Andersson 0926,oscar.andersson0926@example.com,Site Support,P469350,B469-005,Pacific Site Solutions,Australia,Technician,2025-02-08
U0927,Sofia Holm 0927,sofia.holm0927@example.com,Site Support,P469350,B469-005,Pacific Site Solutions,Australia,Trainer,2026-03-09
U0928,Lucas Olsen 0928,lucas.olsen0928@example.com,Site Support,P469350,B469-005,Pacific Site Solutions,Australia,Coordinator,2024-04-10
U0929,Ella Vega 0929,ella.vega0929@example.com,Site Support,P469350,B469-005,Pacific Site Solutions,Australia,Analyst,2025-05-11
U0930,Hugo Dahl 0930,hugo.dahl0930@example.com,Site Support,P469350,B469-005,Pacific Site Solutions,Australia,Support Specialist,2026-06-12
U0931,Nora Kim 0931,nora.kim0931@example.com,Dealer Development,P582941,B582-005,Andes Construction Partners,Chile,Sales Manager,2024-07-13
U0932,Leo Rossi 0932,leo.rossi0932@example.com,Dealer Development,P582941,B582-005,Andes Construction Partners,Chile,Technician,2025-08-14
U0933,Alma Zimmer 0933,alma.zimmer0933@example.com,Dealer Development,P582941,B582-005,Andes Construction Partners,Chile,Trainer,2026-09-15
U0934,Felix Garcia 0934,felix.garcia0934@example.com,Dealer Development,P582941,B582-005,Andes Construction Partners,Chile,Coordinator,2024-10-16
U0935,Clara Nordin 0935,clara.nordin0935@example.com,Dealer Development,P582941,B582-005,Andes Construction Partners,Chile,Analyst,2025-11-17
U0936,Milo Usman 0936,milo.usman0936@example.com,Dealer Development,P582941,B582-005,Andes Construction Partners,Chile,Support Specialist,2026-12-18
U0937,Freja Carter 0937,freja.carter0937@example.com,Dealer Development,P582941,B582-005,Andes Construction Partners,Chile,Sales Manager,2024-01-19
U0938,Elias Johansson 0938,elias.johansson0938@example.com,Dealer Development,P582941,B582-005,Andes Construction Partners,Chile,Technician,2025-02-20
U0939,Lina Quinn 0939,lina.quinn0939@example.com,Dealer Development,P582941,B582-005,Andes Construction Partners,Chile,Trainer,2026-03-21
U0940,Theo Young 0940,theo.young0940@example.com,Dealer Development,P582941,B582-005,Andes Construction Partners,Chile,Coordinator,2024-04-22
U0941,Ava Fischer 0941,ava.fischer0941@example.com,Product Support,P390526,B390-005,Sakura Machine Works,Japan,Analyst,2025-05-23
U0942,Liam Muller 0942,liam.muller0942@example.com,Product Support,P390526,B390-005,Sakura Machine Works,Japan,Support Specialist,2026-06-24
U0943,Mia Turner 0943,mia.turner0943@example.com,Product Support,P390526,B390-005,Sakura Machine Works,Japan,Sales Manager,2024-07-25
U0944,Noah Berg 0944,noah.berg0944@example.com,Product Support,P390526,B390-005,Sakura Machine Works,Japan,Technician,2025-08-26
U0945,Emma Ivanov 0945,emma.ivanov0945@example.com,Product Support,P390526,B390-005,Sakura Machine Works,Japan,Trainer,2026-09-27
U0946,Oscar Patel 0946,oscar.patel0946@example.com,Product Support,P390526,B390-005,Sakura Machine Works,Japan,Coordinator,2024-10-01
U0947,Sofia Wang 0947,sofia.wang0947@example.com,Product Support,P390526,B390-005,Sakura Machine Works,Japan,Analyst,2025-11-02
U0948,Lucas Eriksson 0948,lucas.eriksson0948@example.com,Product Support,P390526,B390-005,Sakura Machine Works,Japan,Support Specialist,2026-12-03
U0949,Ella Larsen 0949,ella.larsen0949@example.com,Product Support,P390526,B390-005,Sakura Machine Works,Japan,Sales Manager,2024-01-04
U0950,Hugo Silva 0950,hugo.silva0950@example.com,Product Support,P390526,B390-005,Sakura Machine Works,Japan,Technician,2025-02-05
U0951,Nora Andersson 0951,nora.andersson0951@example.com,Mining Accounts,P718634,B718-005,Atlas Earthmoving,South Africa,Trainer,2026-03-06
U0952,Leo Holm 0952,leo.holm0952@example.com,Mining Accounts,P718634,B718-005,Atlas Earthmoving,South Africa,Coordinator,2024-04-07
U0953,Alma Olsen 0953,alma.olsen0953@example.com,Mining Accounts,P718634,B718-005,Atlas Earthmoving,South Africa,Analyst,2025-05-08
U0954,Felix Vega 0954,felix.vega0954@example.com,Mining Accounts,P718634,B718-005,Atlas Earthmoving,South Africa,Support Specialist,2026-06-09
U0955,Clara Dahl 0955,clara.dahl0955@example.com,Mining Accounts,P718634,B718-005,Atlas Earthmoving,South Africa,Sales Manager,2024-07-10
U0956,Milo Kim 0956,milo.kim0956@example.com,Mining Accounts,P718634,B718-005,Atlas Earthmoving,South Africa,Technician,2025-08-11
U0957,Freja Rossi 0957,freja.rossi0957@example.com,Mining Accounts,P718634,B718-005,Atlas Earthmoving,South Africa,Trainer,2026-09-12
U0958,Elias Zimmer 0958,elias.zimmer0958@example.com,Mining Accounts,P718634,B718-005,Atlas Earthmoving,South Africa,Coordinator,2024-10-13
U0959,Lina Garcia 0959,lina.garcia0959@example.com,Mining Accounts,P718634,B718-005,Atlas Earthmoving,South Africa,Analyst,2025-11-14
U0960,Theo Nordin 0960,theo.nordin0960@example.com,Mining Accounts,P718634,B718-005,Atlas Earthmoving,South Africa,Support Specialist,2026-12-15
U0961,Ava Usman 0961,ava.usman0961@example.com,Sales East,P235497,B235-005,Vistula Equipment,Poland,Sales Manager,2024-01-16
U0962,Liam Carter 0962,liam.carter0962@example.com,Sales East,P235497,B235-005,Vistula Equipment,Poland,Technician,2025-02-17
U0963,Mia Johansson 0963,mia.johansson0963@example.com,Sales East,P235497,B235-005,Vistula Equipment,Poland,Trainer,2026-03-18
U0964,Noah Quinn 0964,noah.quinn0964@example.com,Sales East,P235497,B235-005,Vistula Equipment,Poland,Coordinator,2024-04-19
U0965,Emma Young 0965,emma.young0965@example.com,Sales East,P235497,B235-005,Vistula Equipment,Poland,Analyst,2025-05-20
U0966,Oscar Fischer 0966,oscar.fischer0966@example.com,Sales East,P235497,B235-005,Vistula Equipment,Poland,Support Specialist,2026-06-21
U0967,Sofia Muller 0967,sofia.muller0967@example.com,Sales East,P235497,B235-005,Vistula Equipment,Poland,Sales Manager,2024-07-22
U0968,Lucas Turner 0968,lucas.turner0968@example.com,Sales East,P235497,B235-005,Vistula Equipment,Poland,Technician,2025-08-23
U0969,Ella Berg 0969,ella.berg0969@example.com,Sales East,P235497,B235-005,Vistula Equipment,Poland,Trainer,2026-09-24
U0970,Hugo Ivanov 0970,hugo.ivanov0970@example.com,Sales East,P235497,B235-005,Vistula Equipment,Poland,Coordinator,2024-10-25
U0971,Nora Patel 0971,nora.patel0971@example.com,Rental,P849205,B849-005,Douro Plant Hire,Portugal,Analyst,2025-11-26
U0972,Leo Wang 0972,leo.wang0972@example.com,Rental,P849205,B849-005,Douro Plant Hire,Portugal,Support Specialist,2026-12-27
U0973,Alma Eriksson 0973,alma.eriksson0973@example.com,Rental,P849205,B849-005,Douro Plant Hire,Portugal,Sales Manager,2024-01-01
U0974,Felix Larsen 0974,felix.larsen0974@example.com,Rental,P849205,B849-005,Douro Plant Hire,Portugal,Technician,2025-02-02
U0975,Clara Silva 0975,clara.silva0975@example.com,Rental,P849205,B849-005,Douro Plant Hire,Portugal,Trainer,2026-03-03
U0976,Milo Andersson 0976,milo.andersson0976@example.com,Rental,P849205,B849-005,Douro Plant Hire,Portugal,Coordinator,2024-04-04
U0977,Freja Holm 0977,freja.holm0977@example.com,Rental,P849205,B849-005,Douro Plant Hire,Portugal,Analyst,2025-05-05
U0978,Elias Olsen 0978,elias.olsen0978@example.com,Rental,P849205,B849-005,Douro Plant Hire,Portugal,Support Specialist,2026-06-06
U0979,Lina Vega 0979,lina.vega0979@example.com,Rental,P849205,B849-005,Douro Plant Hire,Portugal,Sales Manager,2024-07-07
U0980,Theo Dahl 0980,theo.dahl0980@example.com,Rental,P849205,B849-005,Douro Plant Hire,Portugal,Technician,2025-08-08
U0981,Ava Kim 0981,ava.kim0981@example.com,Dealer Support,P604738,B604-005,Anatolia Dealer Services,Turkey,Trainer,2026-09-09
U0982,Liam Rossi 0982,liam.rossi0982@example.com,Dealer Support,P604738,B604-005,Anatolia Dealer Services,Turkey,Coordinator,2024-10-10
U0983,Mia Zimmer 0983,mia.zimmer0983@example.com,Dealer Support,P604738,B604-005,Anatolia Dealer Services,Turkey,Analyst,2025-11-11
U0984,Noah Garcia 0984,noah.garcia0984@example.com,Dealer Support,P604738,B604-005,Anatolia Dealer Services,Turkey,Support Specialist,2026-12-12
U0985,Emma Nordin 0985,emma.nordin0985@example.com,Dealer Support,P604738,B604-005,Anatolia Dealer Services,Turkey,Sales Manager,2024-01-13
U0986,Oscar Usman 0986,oscar.usman0986@example.com,Dealer Support,P604738,B604-005,Anatolia Dealer Services,Turkey,Technician,2025-02-14
U0987,Sofia Carter 0987,sofia.carter0987@example.com,Dealer Support,P604738,B604-005,Anatolia Dealer Services,Turkey,Trainer,2026-03-15
U0988,Lucas Johansson 0988,lucas.johansson0988@example.com,Dealer Support,P604738,B604-005,Anatolia Dealer Services,Turkey,Coordinator,2024-04-16
U0989,Ella Quinn 0989,ella.quinn0989@example.com,Dealer Support,P604738,B604-005,Anatolia Dealer Services,Turkey,Analyst,2025-05-17
U0990,Hugo Young 0990,hugo.young0990@example.com,Dealer Support,P604738,B604-005,Anatolia Dealer Services,Turkey,Support Specialist,2026-06-18
U0991,Nora Fischer 0991,nora.fischer0991@example.com,Key Accounts,P976051,B976-005,Han River Machinery,South Korea,Sales Manager,2024-07-19
U0992,Leo Muller 0992,leo.muller0992@example.com,Key Accounts,P976051,B976-005,Han River Machinery,South Korea,Technician,2025-08-20
U0993,Alma Turner 0993,alma.turner0993@example.com,Key Accounts,P976051,B976-005,Han River Machinery,South Korea,Trainer,2026-09-21
U0994,Felix Berg 0994,felix.berg0994@example.com,Key Accounts,P976051,B976-005,Han River Machinery,South Korea,Coordinator,2024-10-22
U0995,Clara Ivanov 0995,clara.ivanov0995@example.com,Key Accounts,P976051,B976-005,Han River Machinery,South Korea,Analyst,2025-11-23
U0996,Milo Patel 0996,milo.patel0996@example.com,Key Accounts,P976051,B976-005,Han River Machinery,South Korea,Support Specialist,2026-12-24
U0997,Freja Wang 0997,freja.wang0997@example.com,Key Accounts,P976051,B976-005,Han River Machinery,South Korea,Sales Manager,2024-01-25
U0998,Elias Eriksson 0998,elias.eriksson0998@example.com,Key Accounts,P976051,B976-005,Han River Machinery,South Korea,Technician,2025-02-26
U0999,Lina Larsen 0999,lina.larsen0999@example.com,Key Accounts,P976051,B976-005,Han River Machinery,South Korea,Trainer,2026-03-27
U1000,Theo Silva 1000,theo.silva1000@example.com,Key Accounts,P976051,B976-005,Han River Machinery,South Korea,Coordinator,2024-04-01
